stcty,D_PctEst,EM_PctEst,F_PctEst,FB_PctEst,LEP_PctEst,LI_PctEst,OA_PctEst,RM_PctEst,Y_PctEst,msaname,Mean_IPD
01001,18.8,2.7,51.1,2.1,1.3,32.1,14.3,23.4,24.5,"MONTGOMERY, AL",16
01003,13.7,4.4,51.1,3.2,1.6,30.4,19,13.5,22.1,"MOBILE, AL",15
01009,14.7,9,50.6,4.5,3.6,38.1,17.4,4.5,23.5,"BIRMINGHAM, AL",16
01015,20.2,3.6,51.9,2.6,1.5,41.2,16.4,25.4,22,"ANNISTON,AL",17
01033,19.4,2.4,52,1.8,0.7,36.1,18.9,20.4,21.5,"FLORENCE, AL",16
01045,20.3,6.1,50.3,2.9,1.7,41.7,15.8,26.7,23.5,"DOTHAN, AL",17
01051,17.3,2.9,51.4,1.8,1.5,30.1,14.1,24.8,22.6,"MONTGOMERY, AL",16
01055,19.5,3.7,51.8,2.9,1.8,41,17.8,19.1,21.9,"GADSDEN, AL",18
01069,17.8,3.2,52.1,2.3,1.4,41,16.5,30.6,23.6,"DOTHAN, AL",18
01073,15.5,3.7,52.6,4,2.5,36.4,14.6,47.9,23.1,"BIRMINGHAM, AL",17
01077,15.2,2.5,52.2,2,1,38.4,18.9,13.1,20.3,"FLORENCE, AL",16
01079,20.4,2.1,51.4,0.7,0.4,38.1,16.8,22,21.8,"DECATUR, AL",16
01081,12.2,3.7,50.7,5.5,3,40.1,10.8,30.1,21.6,"AUBURN-OPELIKA, AL",15
01083,15.1,5.8,50,3.9,2.1,32.7,14.3,18.4,23.2,"HUNTSVILLE, AL",16
01089,13,4.7,51.1,5.5,2.5,28.7,14,31.5,22.3,"HUNTSVILLE, AL",16
01097,14.5,2.8,52.2,3.2,1.7,40.1,14.9,40.7,23.9,"MOBILE, AL",17
01101,16.2,3.4,52.7,4.6,2.8,41.2,13.7,63,23.8,"MONTGOMERY, AL",18
01103,17.3,8,50.7,4.3,3.9,36.8,16.3,18.8,23,"DECATUR, AL",17
01113,17.3,5.2,51.4,3.1,2,44.5,13,49.4,25,"COLUMBUS, GA-AL",18
01115,17.3,2.3,50,1.7,1,33.2,15.5,12.6,23.1,"BIRMINGHAM, AL",15
01117,11,5.8,51.4,5.3,2.8,21,13.7,19.3,24.2,"BIRMINGHAM, AL",15
01125,11.8,3.5,51.7,3.8,2.2,36.8,12.1,35.3,21,"TUSCALOOSA, AL",15
04005,12.1,13.9,50.8,4.7,5.3,40.6,11.1,36.4,21.5,"FLAGSTAFF, ARIZONA-UTAH",17
04013,11,30.6,50.5,14.8,9.2,34.2,14.1,22,24.8,"PHOENIX-MESA, AZ",18
04015,21.5,15.9,49.6,6.7,3.9,43.6,28,9.6,18.2,"LAS VEGAS, NV-AZ",18
04019,14.9,36.6,50.8,12.8,8.3,39.3,18.1,23.1,21.7,"TUCSON, AZ",19
04021,14.7,29.6,47.8,9.6,6.5,37.6,18.6,19.6,23.9,"PHOENIX-MESA, AZ",19
04027,11.4,62.9,48.6,27.1,22.5,48.4,17.6,26.9,25.9,"YUMA, AZ",21
05007,9.3,16.3,50.5,11.3,5.8,30,13,11.9,27,"FAYETTEVILLE-SPRINGDALE-ROGERS, AR",16
05031,17.2,4.9,51.3,4.2,2.4,41.9,13.1,20.1,24.8,"JONESBORO, AR",17
05033,19.4,7.3,50.8,4.1,3,41.3,15.6,10.4,25,"FORT SMITH, AR-OK",17
05035,17.2,2.4,52.7,1.6,1.2,47.9,12.8,55.2,27.7,"MEMPHIS, TN-AR-MS",18
05045,13.9,4,51,3.1,1.7,36.6,11.5,17.5,23.6,"LITTLE ROCK-NORTH LITTLE ROCK, AR",15
05069,18.2,2,50.7,1.6,1.2,47.5,15.9,59.4,22.8,"PINE BLUFF, AR",18
05085,14.1,4.3,50.8,2.1,1.1,31.1,12.7,10.9,26.3,"LITTLE ROCK-NORTH LITTLE ROCK, AR",15
05091,18.8,3.1,50.7,1.2,0.6,42.7,15.7,29.4,24,"TEXARKANA, TX-TEXARKANA, AR",17
05119,15,6,52.1,5.4,3.5,37.6,14,42.9,23.6,"LITTLE ROCK-NORTH LITTLE ROCK, AR",17
05125,16.9,4.5,50.7,2.9,1.7,25.9,16.8,10.4,23.9,"LITTLE ROCK-NORTH LITTLE ROCK, AR",15
05131,18.9,13.7,51.2,9.2,6.8,45.8,14.8,22.3,24.4,"FORT SMITH, AR-OK",19
05143,10.3,16.5,50,11.2,9.5,41.3,10.9,22.2,24.9,"FAYETTEVILLE-SPRINGDALE-ROGERS, AR",17
06001,9.6,22.5,50.9,32.1,18.4,24.6,12.8,57.4,21.2,"OAKLAND, CA",20
06007,17.2,15.7,50.5,7.6,5.4,41.9,17.3,17.8,20.2,"CHICO-PARADISE, CA",18
06013,11.3,25.3,51.2,24.7,14.1,23.1,14.6,41.4,23.3,"OAKLAND, CA",19
06017,13.2,12.6,50.1,9.2,3.8,23.2,18.9,12.5,20.6,"SACRAMENTO, CA",16
06019,13.1,52.4,50.1,21,18.9,48.3,11.4,36.5,28.7,"FRESNO, CA",22
06029,11.1,52.2,48.7,19.9,17.9,47.2,10.2,24.9,29.3,"BAKERSFIELD, CA",20
06037,9.9,48.4,50.7,34.4,24.5,38.3,12.5,48.2,22.5,"LOS ANGELES-LONG BEACH, CA",22
06039,12.7,56.9,51.7,21.5,19.4,47.4,13.1,23.3,27.7,"FRESNO, CA",21
06041,9.2,15.9,51.1,18,8.9,18.8,20.3,21.8,20.4,"SAN FRANCISCO, CA",17
06047,14.7,58.2,49.5,25.5,23,51.7,10.7,42.5,29.9,"MERCED, CA",24
06053,8.9,57.9,49,29.8,27.9,39.4,12.4,35.1,26.4,"SALINAS, CA",21
06055,11.6,33.7,50.1,21.9,15.1,24.6,17.4,27.4,21.5,"VALLEJO-FARIFIELD-NAPA, CA",19
06059,8.6,34.2,50.6,30.3,20,28.2,13.5,37.9,22.7,"ORANGE COUNTY, CA",19
06061,10.9,13.6,51.2,10.8,4.5,19.3,18.2,17.3,22.7,"SACRAMENTO, CA",16
06065,11.5,48,50.2,21.8,14.9,36.5,13.5,38.4,26.1,"RIVERSIDE-SAN BERNADINO, CA",20
06067,12.5,22.8,51.1,20.7,13.6,35.8,13,41.3,24.2,"SACRAMENTO, CA",19
06071,11,52.3,50.3,20.9,15.1,40,10.6,38.1,27,"RIVERSIDE-SAN BERNADINO, CA",21
06073,9.8,33.4,49.7,23.6,14.6,30.7,12.9,29.2,22.2,"SAN DIEGO, CA",18
06075,10.6,15.3,49,34.8,20.6,24.3,14.9,52.8,13.4,"SAN FRANCISCO, CA",18
06077,12.4,40.8,50.3,23.3,17.4,38.8,12,44.1,27.7,"STOCKTON-LODI, CA",22
06079,11.1,22.2,49.2,10.4,6.8,28.8,18.1,14.1,18.1,"SAN LUIS OBISPO-ATASCADERO-PASO ROBLES, CA",16
06081,8.4,24.9,50.7,34.7,18,18.6,15.1,47.9,21.3,"SAN FRANCISCO, CA",19
06083,9.6,44.8,49.9,23,17.6,36.1,14.3,25.3,22.4,"SANTA BARBARA-SANTA MARIA-LOMPOC, CA",19
06085,7.9,26.1,49.6,38.6,20.7,20.4,12.6,54.5,22.8,"SAN JOSE, CA",20
06087,10.5,33.3,50.4,18,13,30.8,14.2,22.7,19.9,"SANTA CRUZ-WATSONVILLE, CA",17
06089,17.8,9.6,51,5.3,2.7,39.1,19.4,13.1,21.7,"REDDING, CA",17
06095,12.3,25.8,50.3,20.1,11.4,27.3,14.2,47.3,22.7,"VALLEJO-FARIFIELD-NAPA, CA",19
06097,12,26.4,51,16.6,11,26.3,17.4,24.7,20.4,"SANTA ROSA, CA",18
06099,13.3,45,50.6,20.7,17,40.9,12.3,25.2,27.3,"MODESTO, CA",21
06101,13.8,30.2,50.2,22.7,16.3,42,14.6,29.7,26.3,"YUBA CITY, CA",20
06107,12.3,63.6,50,22.4,26.6,53.9,10.7,21.1,31.4,"VISALIA-TULARE-PORTERVILLE, CA",23
06111,10.9,42.2,50.5,22.5,15.3,26.7,14.1,20.1,23.9,"VENTURA, CA",19
06113,9.9,31.4,51.3,22.7,14,36.5,11.5,32.8,21.5,"YOLO, CA",19
06115,16.6,27.4,49,12.2,8.9,40,11.6,26.9,27.7,"YUBA CITY, CA",19
08001,10.7,39.3,49.6,15.3,11.5,31.9,9.6,17.1,27.6,"DENVER, CO",18
08005,9,18.9,50.7,14.9,8.8,24.9,12,28.1,24.3,"DENVER, CO",16
08013,8.3,13.8,49.8,10.8,4.9,24.7,12.6,11.4,19.9,"BOULDER-LONGMONT, CO",14
08014,8.3,12.1,50.3,9.8,4,14.6,12.5,13.9,24.1,"DENVER, CO",14
08031,9.6,30.5,50,15.8,10.5,33.2,11.2,23.1,20.4,"DENVER, CO",16
08035,6.5,8.3,50.2,7.2,2.3,9.5,10.4,10.3,27.8,"DENVER, CO",13
08041,12.2,16.5,49.6,6.9,3.7,28,11.8,20.5,24.8,"COLORADO SPRINGS,  CO",16
08059,9.9,15.2,50.2,6.7,3.3,19.5,15.1,9.2,20.6,"DENVER, CO",14
08069,9.8,11.2,50.2,5.4,2.4,27.5,14.2,8.8,20.3,"FORT COLLINS-LOVELAND, CO",14
08077,14.7,14.2,50.6,3.7,1.9,33.4,17.3,6,22.1,"GRAND JUNCTION, CO",16
08101,19.3,42.7,50.8,3.9,3.2,42.7,17.4,22.3,23.1,"PUEBLO, CO",19
08123,10.2,29,49.7,8.8,7.1,28.7,11.4,11.2,26.8,"GREELEY, CO",16
09001,9.2,19,51.3,21.7,12.2,21.3,14.9,26.5,23.2,NEW HAVEN-BRIDGEPORT-STAMFORD-WATERBURY-DANBU,18
09003,11.9,17.3,51.4,15.2,9,24.5,16.2,28.2,21.4,"HARTFORD, CT",18
09005,10.8,5.7,50.6,7.8,3.4,17.1,19.2,7,19.1,"HARTFORD, CT",14
09007,10.6,5.9,51.1,7.7,3.4,17.5,18.4,11.2,18.8,"HARTFORD, CT",14
09009,11.3,17.2,51.8,12,7.4,26.1,16.2,25.6,20.8,NEW HAVEN-BRIDGEPORT-STAMFORD-WATERBURY-DANBU,17
09011,12.9,10,49.9,8.3,4.9,23.2,16.7,18.8,20,"NEW LONDON-NORWICH, CT",15
09013,10.1,5.2,49.8,7.1,2.7,17.3,14.3,11.3,18.1,"HARTFORD, CT",14
10001,14.2,6.8,51.7,6,3.5,33.1,15.8,33.2,23.4,"DOVER, DE",17
10003,10.7,9.6,51.6,10.8,4.6,25,14.2,35.2,22,"WILMINGTON-NEWARK, DE-MD",17
11001,11.7,10.7,52.6,14,5.7,30.5,11.9,59.3,17.6,"WASHINGTON, DC-MD-VA-WV",17
12001,10.7,9.3,51.6,10,3.6,41.1,12.8,30.5,18,"GAINESVILLE, FL",16
12005,18.4,6,50.3,5.7,2.6,36,16.3,18.1,21.6,"PANAMA CITY, FL",16
12009,15.3,9.7,51.1,8.6,3.4,33,22.7,17.1,18.7,"MELBOURNE-TITUSVILLE-PALM BAY, FL",17
12011,11.1,28.4,51.3,33.1,15.9,34.5,15.6,38.4,21.5,"FORT LAUDERDALE, FL",20
12015,21.5,6.9,51.3,10.2,3.4,33.6,38.3,9.9,12.8,"PUNTA GORDA, FL",18
12019,13.3,9.3,50.8,6.9,3.2,26.9,14.5,19.2,24.1,"JACKSONVILLE, FL",16
12021,11.5,27.2,50.8,24.3,14.4,31.2,30.2,11.9,17.9,"NAPLES, FL",18
12031,13.5,9,51.5,10.3,5.3,35.7,13,39.3,22.8,"JACKSONVILLE, FL",17
12033,15,5.5,50.4,4.8,2.4,34.3,15.8,31.7,21,"PENSACOLA, FL",16
12035,15.9,10,52,11.1,6.1,34.8,28.7,17.4,17.8,"DAYTONA BEACH, FL",18
12039,19.8,10,52.6,5.3,4.8,49.8,16,58.6,22.1,"TALLAHASSEE, FL",19
12053,19.1,12.2,52.1,6.9,3.4,37.6,27.5,10.3,18.7,"TAMPA-ST. PETERSBURG-CLEARWATER, FL",18
12057,11.6,27.4,51.3,16.5,10.6,35.8,13.5,29.1,23.1,"TAMPA-ST. PETERSBURG-CLEARWATER, FL",19
12069,16.3,14.4,51.6,8.3,4.3,34,26.1,17.1,19.7,"ORLANDO, FL",18
12071,13.8,20.2,51,16.1,9.4,35.1,27,15.3,18.4,"FORT MYERS-CAPE CORAL, FL",18
12073,11.1,6.1,52.4,6.7,2.3,38.3,11.9,37.9,18.8,"TALLAHASSEE, FL",16
12081,14.1,15.9,51.7,12.6,6.4,32.9,26,14.5,19.1,"SARASOTA-BRADENTON, FL",18
12083,18.2,12.4,52,7.2,3.4,40.8,28,18,18.8,"OCALA, FL",18
12085,14.9,13.2,50.5,10.2,6,28.6,29.7,12.3,16.8,"FORT PIERCE-PORT ST. LUCIE, FL",17
12086,10.2,67.5,51.5,52.9,35.1,43.1,15.3,24.4,20.5,"MIAMI, FL",22
12089,15.8,3.8,50.7,3.5,1.4,26.5,20.4,9.6,20.3,"JACKSONVILLE, FL",14
12091,14.8,8.7,49.3,6.8,3.2,29.2,15.1,21.2,22.3,"FORT WALTON BEACH, FL",16
12095,10.6,30.2,50.9,20.7,13.4,38.7,11.1,36.3,22.6,"ORLANDO, FL",19
12097,14.5,51.6,50.7,19.9,18.4,45.7,12.5,25.6,25,"ORLANDO, FL",21
12099,12.3,21.3,51.6,24.6,13,32.9,23,25.8,19.5,"WEST PALM BEACH-BOCA RATON, FL",19
12101,16.5,14,51.3,9.3,4,34.8,22.3,11.9,20.5,"TAMPA-ST. PETERSBURG-CLEARWATER, FL",18
12103,15.1,9.2,52,11.8,5.1,33,23.4,18.1,16.9,"TAMPA-ST. PETERSBURG-CLEARWATER, FL",17
12105,15.5,20.6,51,10,7.7,41.8,19.8,21.7,22.6,"LAKELAND-WINTER HAVEN, FL",19
12109,11.5,6.4,51.4,6.9,2.1,20.7,18.6,11,22,"JACKSONVILLE, FL",15
12111,15.8,18.1,51.1,16.3,9,38.6,22.8,26.5,20.6,"FORT PIERCE-PORT ST. LUCIE, FL",19
12113,16.2,5.2,48.8,4.7,1.7,28.2,14.9,14.2,22.4,"PENSACOLA, FL",15
12115,16,8.8,52.2,12.4,5.3,27,34.8,8.7,14.8,"SARASOTA-BRADENTON, FL",17
12117,10.1,20.1,51.7,12.4,6,28.9,14.4,21.7,21.5,"ORLANDO, FL",17
12127,16.7,12.9,51.3,7.5,4.1,38.7,23.4,17.1,18,"DAYTONA BEACH, FL",17
13013,13,10,50.7,7.3,4.9,34.9,11.5,20.2,27,"ATLANTA, GA",17
13015,14.8,8.2,50.4,5.2,3.2,36.9,13,16.2,25,"ATLANTA, GA",16
13021,15.5,3.2,53,3.5,1.8,48.3,14.4,58.6,24.9,"MACON, GA",18
13029,11.4,6.6,50.4,4.2,1.6,28.3,10.1,22.4,29.2,"SAVANNAH, GA",15
13045,15.2,6.7,51.2,3.9,2.9,40.8,12.7,25.2,24.2,"ATLANTA, GA",17
13047,14,2.9,51.5,2.3,1.6,28.9,16.2,7.3,23.5,"CHATTANOOGA, TN-GA",14
13051,13.5,6.3,51.7,6.4,3.4,35.9,14,47.1,22,"SAVANNAH, GA",18
13053,12.5,15.3,32.8,6.5,3.2,45,3.7,30.1,22.3,"COLUMBUS, GA-AL",14
13057,9.9,10,50.8,8.6,4.9,22.7,12.3,13.6,25.7,"ATLANTA, GA",15
13059,10.5,10.6,52.4,10.3,7,53.3,9.9,36.6,17.4,"ATHENS, GA",17
13063,10.6,13.2,52.8,13.9,9.5,47.9,8.4,81.4,28.2,"ATLANTA, GA",21
13067,8.5,12.8,51.7,15.8,7.5,26.6,11,40.1,24.4,"ATLANTA, GA",17
13073,11.2,6.2,51.2,7,3.3,20.5,12.3,25,25.9,"AUGUSTA-AIKEN, GA-SC",16
13077,10.8,6.8,51.2,6.2,4,28.4,12.8,23.2,25.5,"ATLANTA, GA",15
13083,16.3,2.2,51.1,2.2,1,39,17.7,4.9,19.2,"CHATTANOOGA, TN-GA",15
13089,10.6,8.7,52.6,16.3,8.9,37.1,11.1,65.4,23.5,"ATLANTA, GA",18
13095,15.3,2.6,53.7,2.5,1.4,54.6,14.2,72.4,24.7,"ALBANY, GA",19
13097,11.6,9.2,52.2,8.5,4.1,34,10.7,51.7,26.6,"ATLANTA, GA",17
13103,12.9,3.9,50.5,2.9,1.7,27.4,11,17.6,26.9,"SAVANNAH, GA",15
13113,9.3,7.1,51.5,10,3.2,17.1,16.5,30.9,23.8,"ATLANTA, GA",16
13117,7.2,9.5,50.4,15.9,6.5,15.1,11.1,17,28.6,"ATLANTA, GA",15
13121,10,7.4,51.5,12.7,5.4,31.8,10.8,55,22.8,"ATLANTA, GA",17
13135,7.2,20.7,51.1,25,15.1,32.1,8.9,49.3,27.7,"ATLANTA, GA",19
13145,18.5,3.3,49.7,2.2,0.7,22.8,16.9,21,22.1,"COLUMBUS, GA-AL",15
13151,10.7,6.5,52.1,7.7,3.1,28.7,10.6,49.2,26.7,"ATLANTA, GA",17
13153,12.5,6.6,51.4,5.6,3.1,34.4,11.9,38.3,25.8,"MACON, GA",17
13169,14.8,1.5,51.4,0.9,0.4,33.6,16.1,27,23.9,"MACON, GA",15
13177,10,2.7,50.3,3.5,1.7,26.8,11.2,25.5,26.8,"ALBANY, GA",14
13189,13,2.9,53.3,2.3,1.1,42.4,16.3,45.2,26.4,"AUGUSTA-AIKEN, GA-SC",17
13195,18.1,4.9,49.8,4.1,2.9,43.7,16,15.2,23.1,"ATHENS, GA",16
13215,18.1,7.5,51,5.7,3.3,43.7,12.2,55.5,24.9,"COLUMBUS, GA-AL",19
13217,15.1,5.1,52.5,5.9,2.4,38,12,48,26.9,"ATLANTA, GA",18
13219,9.5,4.8,50.9,5.9,3.1,19.3,14.2,11.3,26.8,"ATHENS, GA",14
13223,10.1,5.8,51.1,5.4,1.7,28.4,9.7,23.7,27.5,"ATLANTA, GA",14
13225,15.6,7.5,51.9,5.2,4.3,41.7,14.4,51.5,21.8,"MACON, GA",18
13227,15.9,3,50.4,2.9,1.2,29.8,20.6,4.3,20.4,"ATLANTA, GA",14
13245,16.7,4.8,51.7,3.6,1.8,48.3,12.8,61.8,23.4,"AUGUSTA-AIKEN, GA-SC",18
13247,9.5,10.2,52.8,10.3,6.5,37.8,13,57.9,25.6,"ATLANTA, GA",18
13255,16.4,4.3,51.6,3.2,1.3,45.7,16.8,37.1,24.2,"ATLANTA, GA",18
13289,21.6,0.4,50.7,1.2,1.2,50.8,20.5,44.7,19.2,"MACON, GA",17
13295,18.2,2,50.6,1.3,0.6,40.8,17.6,7.7,22.3,"CHATTANOOGA, TN-GA",15
13297,12.4,4,51.4,4.3,1.7,31.4,14.7,21,25.4,"ATLANTA, GA",15
16001,10.2,7.9,49.9,5.8,3,27.5,13,9.1,24.8,"BOISE CITY, ID",14
16005,15.2,8.3,50.2,4.1,2.3,39.7,13,10.1,26.8,"POCATELLO, ID",16
16027,13.6,24.9,50.5,7.9,6.7,46.2,12.8,12.7,29.7,"BOISE CITY, ID",18
17007,10.9,21,50.1,10.5,6.7,31.2,14.3,12.2,26,"ROCKFORD, IL",18
17019,8.7,5.7,50.1,11.9,6.4,38.4,11.6,27.3,19,"CHAMPAIGN-URBANA, IL",15
17027,13.8,3.1,48.1,1.9,1,22.8,15.8,6.2,21.4,"ST. LOUIS, MO-IL",13
17031,10.3,25.1,51.5,21.1,14.2,34.2,13.5,43.4,22.4,"CHICAGO, IL",19
17037,10.1,10.8,50.5,6.9,3.9,33.9,11.5,15.7,21.8,"CHICAGO, IL",15
17043,8.2,14.1,50.9,18.9,9.2,18,14,21.7,23.3,"CHICAGO, IL",16
17063,10.8,9.4,50,3.7,2.2,22.5,13.1,5.9,25.8,"CHICAGO, IL",14
17073,12.5,5.5,50.4,2.2,1.4,27.9,19.2,6.3,22.6,"DAVENPORT-ROCK ISLAND-MOLINE, IA-IL",15
17083,13,1.3,51.1,1.6,1,23.6,18,3.2,21.3,"ST. LOUIS, MO-IL",13
17089,8.4,31.6,50.2,18.2,13.5,25.9,12.1,27.9,26.7,"CHICAGO, IL",18
17091,15.6,10.1,50.9,5.1,3,31.8,15.5,20.2,23.9,"KANKAKEE, IL",17
17093,7.2,17.6,50.5,9.2,5.8,18.1,9.3,17.4,29.5,"CHICAGO, IL",16
17097,8.7,21.1,50.1,18.4,10.3,21.9,12.8,21.6,25.1,"CHICAGO, IL",17
17111,9.1,12.5,50.2,9.2,5,18.4,12.9,7.6,24.6,"CHICAGO, IL",15
17113,9.5,4.7,51.3,6.9,3,28,11.8,16.6,22,"BLOOMINGTON-NORMAL, IL",14
17115,15.3,2.2,52.2,2.1,0.7,34.3,18.4,21.8,22.3,"DECATUR, IL",16
17119,13,3.1,51.2,2.3,1,28.8,16.1,12.2,22.1,"ST. LOUIS, MO-IL",15
17129,13.7,1.4,51,0.4,0.3,26.7,18.4,2.9,22.4,"SPRINGFIELD, IL",14
17133,9.8,1.5,50.8,1.4,0.5,15.2,16.3,2.2,22.9,"ST. LOUIS, MO-IL",12
17141,12.3,9.8,50.2,5,3.7,28.6,17.4,5.6,23,"ROCKFORD, IL",15
17143,11.8,4.6,51.5,5.8,2.8,33.5,15.5,26.9,23.9,"PEORIA-PEKIN, IL",16
17161,13.6,12.6,50.7,7.9,5.2,32.3,17.9,18.4,22.4,"DAVENPORT-ROCK ISLAND-MOLINE, IA-IL",17
17163,12.9,3.9,51.7,2.8,1.7,34.3,14.3,35.5,23.9,"ST. LOUIS, MO-IL",16
17167,13.9,2.2,52,3.1,1.1,29.5,16.1,17.8,22.8,"SPRINGFIELD, IL",15
17179,11.5,2.2,50.7,2,0.6,24,17.3,4.1,23,"PEORIA-PEKIN, IL",13
17197,8.9,16.8,50.3,12,7.5,19.8,11.7,26.4,26.1,"CHICAGO, IL",16
17201,14.1,12.2,51.1,8.2,4.8,35.4,16.1,21.1,23.8,"ROCKFORD, IL",18
17203,9.4,1.7,50.2,1.2,0.5,21.4,16.4,3.1,24.9,"PEORIA-PEKIN, IL",13
18001,12.8,4.4,50.4,0.9,5.5,39.2,14.8,3.1,31.2,"FORT WAYNE, IN",15
18003,12.4,7.2,51.2,6.4,4.4,34.5,13.5,20.5,26.1,"FORT WAYNE, IN",16
18011,9.7,2.7,50.5,3.6,1.4,18.4,12.6,6.3,26.9,"INDIANAPOLIS, IN",13
18019,14.8,5.3,51.3,3.3,1.8,29.4,14.5,11.7,22.9,"LOUISVILLE, KY-IN",15
18021,19.2,1.3,51.1,0.8,0.9,33.7,16.8,2.6,23.1,"TERRE HAUTE, IN",15
18023,13.8,15.2,50.6,7.2,5.9,36.1,15.7,5.1,26.3,"LAFAYETTE, IN",17
18029,12.1,1.2,50,1.2,0.5,24.2,15.9,2.9,23.3,"CINCINNATI, OH-KY-IN",13
18033,15.1,2.8,50.2,1.4,0.9,31.8,15.1,2.8,24.8,"FORT WAYNE, IN",14
18035,16.3,2.3,51.8,2.2,0.7,42.1,16.3,11.5,18.9,"MUNCIE, IN",15
18039,13.2,15.4,50.5,8,7.5,36,13.6,12.4,27.9,"ELKHART-GOSHEN, IN",17
18043,13.3,3.1,51.5,2.2,1.2,25.7,14.8,9.7,23.1,"LOUISVILLE, KY-IN",14
18057,7.7,3.8,51.1,7.6,2.7,13.8,11,12.6,28.2,"INDIANAPOLIS, IN",13
18059,13.3,2.2,50.9,2.1,0.8,18.7,15.2,4.9,24,"INDIANAPOLIS, IN",13
18061,18.3,1.7,49.8,1,0.4,28.5,16.6,3.2,22.6,"LOUISVILLE, KY-IN",14
18063,11.4,3.6,50.1,4.8,2.1,16.7,12.7,11.8,25.8,"INDIANAPOLIS, IN",14
18067,17.5,3.2,51.6,2,1.5,34.5,18.2,12.2,22.9,"KOKOMO, IN",16
18069,14.4,2.2,50.9,1.5,0.8,31.2,16.2,3.5,22,"FORT WAYNE, IN",14
18081,10.3,3.5,50.9,4.4,1.6,25.3,13.9,7.9,25.3,"INDIANAPOLIS, IN",14
18089,13.9,18.4,51.6,6.7,4.8,34.8,15.2,38,24.2,"GARY, IN",19
18095,17.9,3.8,50,1.9,1.3,39,17.3,12.1,22.1,"INDIANAPOLIS, IN",16
18097,13.7,10.1,51.9,9.1,6.2,41.8,11.7,37.3,24.8,"INDIANAPOLIS, IN",18
18105,11.4,3.3,50.1,8.2,4.1,41.8,11.8,13.5,16,"BLOOMINGTON, IN",14
18109,15.4,1.5,50.7,1.2,0.3,27.7,15.4,2.6,23.4,"INDIANAPOLIS, IN",14
18115,12.9,1,49.8,0.7,0.2,17.3,20.1,2.8,19.5,"CINCINNATI, OH-KY-IN",14
18127,10.9,9.6,50.6,3.8,1.6,23.5,14.9,8.4,22.7,"GARY, IN",14
18129,12.5,1.1,50.1,0.6,0.5,22.8,17.1,3.1,22.3,"EVANSVILLE-HENDERSON, IN-KY",13
18141,13.7,8.3,51.4,6.3,3.2,36.6,14.7,21,23.9,"SOUTH BEND, IN",17
18143,17.9,2.1,51,1.2,0.4,34.3,15.9,2.4,23.2,"LOUISVILLE, KY-IN",14
18145,13.8,4,50.5,2.3,1.4,29.5,15.8,5.6,23.1,"INDIANAPOLIS, IN",14
18157,10.7,8.1,49,11.3,6.2,39.4,10.6,16.8,20.7,"LAFAYETTE, IN",16
18159,17.4,2.6,50.1,1.3,1.3,28.4,19.3,3.9,21.2,"KOKOMO, IN",14
18163,15.5,2.5,51.7,3,1.5,38.1,15.6,14.3,21.8,"EVANSVILLE-HENDERSON, IN-KY",16
18165,18,1.1,50.7,0.9,0.9,36.2,18.8,2.1,22.3,"TERRE HAUTE, IN",15
18167,18.6,2.6,49.3,3.2,1.7,43.4,15.1,12.6,20.7,"TERRE HAUTE, IN",16
18173,11.6,1.8,50.5,3,0.8,21.3,16.1,5.9,24.5,"EVANSVILLE-HENDERSON, IN-KY",13
18179,13.1,2.8,50.8,1.5,0.5,28.8,17.3,3.4,24.7,"FORT WAYNE, IN",13
18183,15.9,1.9,50.1,1,0.5,25.4,16.8,3.4,23.3,"FORT WAYNE, IN",14
19013,11.3,4.2,50.9,5.4,3.1,34.2,15.1,15.3,21.6,"WATERLOO-CEDAR FALLS, IA",15
19049,7.6,6.1,50.6,7.6,3.6,15.4,11.3,8.7,28.4,"DES MOINES, IA",14
19061,10.7,2.3,50.5,2.6,1.5,25.2,16.5,6.8,23.1,"DUBUQUE, IA",13
19103,7,5.5,50.5,10.6,5.5,30.7,10.3,17,20.2,"IOWA CITY, IA",14
19113,10,3.1,50.7,4,2.1,24.8,14.7,11.2,23.7,"CEDAR RAPIDS, IA",14
19153,10.8,8.1,50.8,8.9,5.8,27.5,12.1,15.4,25.2,"DES MOINES, IA",16
19155,14.4,7.5,50.8,3.8,2.4,28.3,16.2,6.6,23.7,"OMAHA, NE-IA",15
19163,10.4,6.4,50.9,3.9,2.2,28.1,14.9,14.1,24,"DAVENPORT-ROCK ISLAND-MOLINE, IA-IL",15
19181,11.9,2.6,51.3,1.2,0.5,18.9,14.9,3.5,25,"DES MOINES, IA",14
19193,12.4,15.8,50.7,8.8,7.2,35,14.1,13.7,26.2,"SIOUX CITY, IA-NE",17
20015,11.7,4.6,49.5,2.4,1,28,14,6.6,25.9,"WICHITA, KS",14
20045,10.8,6,50.5,6.4,2.5,33.4,10.8,17,18.9,"LAWRENCE, KS",14
20079,14.4,11.7,50.9,4.2,3.2,27.8,18.4,6.5,25,"WICHITA, KS",16
20091,9.1,7.4,51,8.6,4.2,16.3,13.1,13.5,25.1,"KANSAS CITY, MO-KS",14
20103,14.7,6.8,46.3,3,2,22.1,13.2,17.1,24.1,"KANSAS CITY, MO-KS",15
20121,11.9,3,51,1.2,0.4,21.6,16.5,4.3,25.3,"KANSAS CITY, MO-KS",14
20173,12.3,14.1,50.6,8.5,5.4,33.9,13.2,20.9,26.3,"WICHITA, KS",17
20177,14.1,12,51.5,4.3,3.2,31.8,16.6,17.1,24.2,"TOPEKA, KS",17
20209,14.6,28.1,50.7,15.7,13.3,47.6,11.5,39.6,28.1,"KANSAS CITY, MO-KS",21
21015,11.1,4.1,50.6,5,3,20.8,12.1,8.6,26.7,"CINCINNATI, OH-KY-IN",14
21017,15.5,6.7,51.5,4.8,4.2,37.7,18,9.6,22.8,"LEXINGTON, KY",16
21019,21.9,1.7,50.1,0.9,0.4,38.5,18.3,5.6,21.3,"HUNTINGTON-ASHLAND, WV-KY-OH",15
21029,15.7,1.8,50.2,1.1,0.8,25.5,14.3,3.7,22.8,"LOUISVILLE, KY-IN",13
21037,11.9,1.9,51,2.2,0.7,29,14.4,6.2,21.5,"CINCINNATI, OH-KY-IN",13
21043,19.6,0.9,50.8,0.5,0.4,49.5,17.4,2.4,22.4,"HUNTINGTON-ASHLAND, WV-KY-OH",15
21047,16.2,7.5,47,2.8,1.5,45.5,11.4,28.3,27.6,"CLARKSVILLE-HOPKINSVILLE, TN-KY",17
21049,17.8,2.7,51.3,1.5,1.6,34.9,16.9,7.3,22.7,"LEXINGTON, KY",16
21059,15.9,2.9,51.3,2.7,1.9,36.5,16.2,8.7,24.4,"OWENSBORO, KY",16
21067,11.9,7,51,9.1,5.7,35.9,12.2,24.4,21.1,"LEXINGTON, KY",16
21077,14.1,5.2,48.9,2.9,2.9,41.6,13.2,5.9,25,"CINCINNATI, OH-KY-IN",14
21081,16.4,2.7,50.5,1.4,1.1,44.9,13,5.1,27.1,"CINCINNATI, OH-KY-IN",16
21089,20.4,1,51.3,0.7,0.3,35.1,19.7,3,21.7,"HUNTINGTON-ASHLAND, WV-KY-OH",15
21101,20.4,2.4,51.6,1.4,1,38.3,16.1,11.6,23.3,"EVANSVILLE-HENDERSON, IN-KY",16
21111,14.2,5,51.7,7.1,4.1,32.6,14.9,27.7,22.6,"LOUISVILLE, KY-IN",16
21113,14.8,3.2,51.2,4.7,2.5,33.8,13.8,8.1,24.8,"LEXINGTON, KY",15
21117,14.2,3,50.6,3,1.7,29.1,13.1,9.6,24.2,"CINCINNATI, OH-KY-IN",15
21151,15.8,2.3,51.4,2.7,1.2,37,12.9,8.3,21.1,"LEXINGTON, KY",14
21185,8.8,3.8,47.6,3.3,1.3,13,12,8.9,25.8,"LOUISVILLE, KY-IN",13
21191,17.8,0.6,49.7,0.6,0.3,31.3,14.8,2.9,22.7,"CINCINNATI, OH-KY-IN",14
21209,12,4.3,50.6,3.8,2.4,26.2,11.1,11.8,25.8,"LEXINGTON, KY",14
21239,13,6.6,52.1,4.5,3.2,27.2,16.5,9.2,22.8,"LEXINGTON, KY",15
22001,18.5,2.4,51.4,1.5,2.4,43.1,14.1,21.2,26.7,"LAFAYETTE, LA",17
22005,12.1,5.3,50.7,3,1.9,23.6,10.7,26.4,27.4,"BATON ROUGE, LA",15
22015,12.2,6.5,50.5,4.1,2.1,35.2,13.1,27.6,25.2,"SHREVEPORT-BOSSIER CITY, LA",16
22017,15.2,2.8,52.5,2.2,1.1,44.8,15.4,53.2,24.2,"SHREVEPORT-BOSSIER CITY, LA",18
22019,15.5,3.2,51.2,2.8,2.3,38.1,13.9,29.6,24.9,"LAKE CHARLES, LA",17
22033,13.8,4,52,5.5,3.3,36.3,12.8,52.3,22.8,"BATON ROUGE, LA",17
22051,13.6,14.3,51.4,12.9,8.7,34.5,15.6,36.8,21.9,"NEW ORLEANS, LA",18
22055,11.7,4.6,51.2,4.2,3.2,35,11.8,30.2,23.8,"LAFAYETTE, LA",16
22057,16.9,4.4,50.8,3.2,3.2,34.7,14.2,21.1,23.6,"HOUMA, LA",16
22063,13.5,3.5,51,2.2,1.3,30.9,12.2,9,26.3,"BATON ROUGE, LA",15
22071,13.8,5.5,52.3,5.9,3.4,45.5,12.9,65.9,20.3,"NEW ORLEANS, LA",17
22073,13,2.2,52,1.6,0.6,45.4,13.6,40.1,25.5,"MONROE, LA",17
22075,10.5,6.7,51.3,5.4,3.1,35.9,11.9,31.2,26.5,"NEW ORLEANS, LA",17
22079,17.3,3,51.6,3,2.1,41.5,15.2,36.2,25.2,"ALEXANDRIA, LA",18
22087,13.3,9.9,50.6,5.6,4.5,43.8,10.3,30.1,26.9,"NEW ORLEANS, LA",16
22089,11.5,5.8,50.9,3.4,1.7,28,11.8,30.1,25.1,"NEW ORLEANS, LA",15
22093,15.6,1.6,51.9,0.6,0.8,35.6,15.4,51.5,23.3,"NEW ORLEANS, LA",17
22095,13.7,5.8,51.1,3.3,2.1,38.6,12.6,59.3,25,"NEW ORLEANS, LA",17
22097,12.8,2,52,1.2,2.9,51.2,15.1,43.8,27.2,"LAFAYETTE, LA",17
22099,15.1,2.8,50.7,1.6,4.2,39.9,13.5,34,24.8,"LAFAYETTE, LA",16
22103,14.2,5.4,51.3,3.7,2.8,26,15.4,16.6,24.4,"NEW ORLEANS, LA",15
22109,15.3,5,50.7,3.4,2.8,41.7,12.9,29,25.8,"HOUMA, LA",17
22119,16.9,1.8,51.5,0.7,0.6,53.5,18.4,36.4,22.9,"SHREVEPORT-BOSSIER CITY, LA",17
22121,14.9,3,50.5,1.2,1,32.1,12.6,41.3,24.3,"BATON ROUGE, LA",15
23001,16.3,1.8,51,3,2.4,33.9,16.3,8,21.9,"LEWISTON-AUBURN, ME",15
23005,11.4,2,51.4,6.2,2.7,23.9,16.8,7.9,19.4,"PORTLAND, ME",14
23019,18.4,1.3,50.5,2.6,0.9,36.5,16.9,5.1,18.6,"BANGOR, ME",15
23023,13.1,1.6,51.8,2.7,0.6,27.1,20,4.4,19.4,"PORTLAND, ME",14
23031,14.3,1.6,51.2,3.3,1.6,24.3,18.6,4.1,19.6,"PORTLAND, ME",14
24001,18.4,1.7,47.8,2.3,1.1,37.1,19.3,11.6,17.6,"CUMBERLAND, MD-WV",15
24003,10.6,7.3,50.5,8.3,3.8,15.5,13.8,26.1,22.5,"BALTIMORE, MD",15
24005,11.6,5.1,52.6,12.1,5.2,22.4,16.1,37.9,21.6,"BALTIMORE, MD",16
24009,10.8,3.6,50.3,3.2,1.3,14,13.6,18.7,23.9,"WASHINGTON, DC-MD-VA-WV",14
24013,10.6,3.2,50.5,3.6,1.2,14.3,15.6,7.8,22.3,"BALTIMORE, MD",13
24015,12.7,4.1,50.3,3.4,1.5,23.8,14.4,11.7,23.3,"WILMINGTON-NEWARK, DE-MD",14
24017,8.8,5.4,51.7,6.1,2.4,17.1,11.4,53.2,24.6,"WASHINGTON, DC-MD-VA-WV",15
24021,10.6,8.8,50.7,10.2,4.6,17,13.4,18.8,23.7,"WASHINGTON, DC-MD-VA-WV",15
24025,10.9,4.2,51.1,5.6,2,17.8,14.9,20.6,22.8,"BALTIMORE, MD",14
24027,7.4,6.5,51.1,20.8,7.6,12.5,12.6,41.3,24.6,"BALTIMORE, MD",16
24031,8,19,51.7,32.6,14.2,18.2,14.1,45.7,23.4,"WASHINGTON, DC-MD-VA-WV",19
24033,9.3,17.4,51.8,21.9,11.1,23.8,11.8,81.2,22.5,"WASHINGTON, DC-MD-VA-WV",19
24035,11.2,3.7,50.6,4,1.8,15.9,17.8,10.7,22.1,"BALTIMORE, MD",14
24043,15.7,4.5,49.2,5.1,2.3,29.1,16,17.1,22.3,"HAGERSTOWN, MD",16
24510,15.3,5,53,8,3.5,42.5,12.8,69.7,21,"BALTIMORE, MD",18
25001,13.6,2.7,52.2,7.4,2.8,20.5,28.5,7.8,15.7,"BARNSTABLE-YARMOUTH, MA",15
25003,15.2,4.3,51.7,5.9,2.7,27,21.5,8.9,17.7,"PITTSFIELD, MA",15
25005,14,7.3,51.6,12.7,8,26.9,16,14.7,21,"BOSTON-WORCESTER-LAWRENCE-LOWELL-BROCKTON, MA",17
25009,11.9,19.6,51.8,16.2,10.5,24.2,15.9,19.4,21.8,"BOSTON-WORCESTER-LAWRENCE-LOWELL-BROCKTON, MA",17
25013,16.1,23.9,51.7,8.8,8.9,35.7,15.7,19.6,22.2,"SPRINGFIELD, MA",19
25015,10.7,5.4,53.2,8,2.9,25.6,15.3,11.9,15.3,"SPRINGFIELD, MA",14
25017,9.2,7.7,51.2,20.5,9.3,17.9,14.4,22.1,20.3,"BOSTON-WORCESTER-LAWRENCE-LOWELL-BROCKTON, MA",16
25021,9.8,4.2,52,17.2,7.5,14.8,16,20.6,21.5,"BOSTON-WORCESTER-LAWRENCE-LOWELL-BROCKTON, MA",16
25023,11,3.7,51.3,9,5,18.7,16.7,16.1,22.2,"BOSTON-WORCESTER-LAWRENCE-LOWELL-BROCKTON, MA",15
25025,12.4,22.2,51.6,29.5,18.9,36.3,11.3,44.8,17,"BOSTON-WORCESTER-LAWRENCE-LOWELL-BROCKTON, MA",19
25027,12.1,10.8,50.7,11.8,7.4,23.8,14.5,15.6,21.7,"BOSTON-WORCESTER-LAWRENCE-LOWELL-BROCKTON, MA",16
26005,10.4,7.2,50.1,2.9,1.5,28.8,15.2,5.6,24.8,"GRAND RAPIDS-MUSKEGON-HOLLAND, MI",15
26017,16.3,5.2,50.8,1.5,0.7,34.5,18.8,5.5,20.8,"SAGINAW-BAY CITY-MIDLAND, MI",15
26021,14.8,5.2,51.1,5.7,2.6,37.7,18.4,21.6,22.3,"BENTON HARBOR, MI",16
26025,16,5,51.1,3.5,2,37.9,16.6,17.8,23.3,"KALAMAZOO-BATTLE CREEK, MI",17
26037,11.9,4.4,50.6,3,1.4,22.6,15.5,6.3,23,"LANSING-EAST LANSING, MI",14
26045,16.1,5.2,51.1,3.7,3,27.3,16.9,13.2,21.6,"LANSING-EAST LANSING, MI",15
26049,16.6,3.3,51.8,2.6,1,39.8,16.1,25.1,23.2,"FLINT, MI",16
26065,12.6,7.6,51.4,9.4,4.6,39.1,12.4,25,20.1,"LANSING-EAST LANSING, MI",17
26075,15.1,3.4,48.9,1.6,1,33.9,16.2,12.5,22,"JACKSON, MI",15
26077,13.1,4.7,51,4.7,2,34,13.8,18.6,21.9,"KALAMAZOO-BATTLE CREEK, MI",16
26081,11.8,10.3,50.8,8,5.5,32,12.5,19.7,24.9,"GRAND RAPIDS-MUSKEGON-HOLLAND, MI",16
26087,14.7,4.6,49.4,2.6,1.4,29.3,16.4,4.4,21.8,"DETROIT, MI",14
26091,15.6,7.8,49.4,1.9,1.4,32.3,17.3,7.3,21.6,"ANN ARBOR, MI",15
26093,10.3,2.3,49.9,3,0.8,16.8,15.2,3.6,22.6,"ANN ARBOR, MI",12
26099,14,2.5,51.3,10.9,6.1,28.1,15.9,17.9,21.7,"DETROIT, MI",16
26111,13.6,2.6,50.9,3.8,1,27.3,16.9,6.5,21.8,"SAGINAW-BAY CITY-MIDLAND, MI",14
26115,13.4,3.5,50.6,2.2,0.9,27.4,16.3,5.5,22.2,"DETROIT, MI",14
26121,15.8,5.4,50.3,1.7,0.9,40.7,15.5,19.3,23.6,"GRAND RAPIDS-MUSKEGON-HOLLAND, MI",16
26125,11.7,3.9,51.3,12.4,4.6,20.9,15.5,24.4,21.8,"DETROIT, MI",15
26139,10.2,9.4,50.7,5.7,3.6,25.1,13.7,10,24.6,"GRAND RAPIDS-MUSKEGON-HOLLAND, MI",14
26145,16.6,8.3,51.5,2.5,1.8,39,17.7,24.9,21.8,"SAGINAW-BAY CITY-MIDLAND, MI",17
26147,16.5,3.2,50.4,2.8,0.7,30.5,17.2,6.4,21.7,"DETROIT, MI",15
26159,14.7,11.2,50.3,4.6,3.5,38.8,16.5,13.6,24,"KALAMAZOO-BATTLE CREEK, MI",17
26161,8.8,4.5,50.5,12,4.4,27.1,12.5,26.1,19.3,"ANN ARBOR, MI",15
26163,16.1,5.7,51.9,8.7,5.3,43.6,14.4,46.8,24,"DETROIT, MI",18
27003,10.1,4.2,50,7.9,4.3,19.2,12.5,15.4,24.3,"MINNEAPOLIS-ST. PAUL, MN-WI",14
27009,13,2.2,50.1,3.2,1.5,31.8,13.2,6.7,25,"ST. CLOUD, MN",14
27019,6.5,4.1,50.3,4.8,2.1,11.5,10.4,7.2,27.6,"MINNEAPOLIS-ST. PAUL, MN-WI",12
27025,11.4,2,48.2,2,0.4,17.7,14,4.6,23.4,"MINNEAPOLIS-ST. PAUL, MN-WI",12
27027,10,4.3,50.7,4.2,1.9,26.9,12.7,8.4,23.8,"FARGO-MOORHEAD, ND-MN",14
27037,8.7,6.8,50.8,9.3,4.9,18,12.6,16.9,24.8,"MINNEAPOLIS-ST. PAUL, MN-WI",15
27053,10,6.9,50.6,13.9,7.4,25.2,12.9,26.9,22.2,"MINNEAPOLIS-ST. PAUL, MN-WI",16
27055,10.5,1,49.9,1.1,0.5,24.4,20,2.9,21.5,"LA CROSSE, WI-MN",13
27059,12.8,1.8,49.5,1.5,0.4,22.5,14.5,4.4,24.4,"MINNEAPOLIS-ST. PAUL, MN-WI",13
27109,10.1,4.8,51.1,10.8,4.9,21.5,14.2,15.3,24.7,"ROCHESTER, MN",15
27119,13,6.2,49.3,3.6,2.7,28.9,17.4,7.3,23.8,"GRAND FORKS, ND-MN",14
27123,11.5,7.4,51.3,15.6,10.6,33,13.4,32.7,23.3,"MINNEAPOLIS-ST. PAUL, MN-WI",17
27137,14.3,1.6,49.8,2.4,0.9,32.8,17.7,7.6,19.2,"DULUTH-SUPERIOR, MN-WI",14
27139,7.6,4.9,50.2,8.4,4.9,14.7,9.6,15.5,28.5,"MINNEAPOLIS-ST. PAUL, MN-WI",15
27141,8.6,2.5,48.9,2.9,1.2,18.4,10.3,7,27.1,"MINNEAPOLIS-ST. PAUL, MN-WI",12
27145,10.7,3.2,49.7,6.2,4.1,28.9,13.8,10.5,23,"ST. CLOUD, MN",14
27163,9,3.9,50.5,6.7,2.4,14.5,13.3,13.6,25,"MINNEAPOLIS-ST. PAUL, MN-WI",14
27171,8.5,2.8,49.6,2.9,1.4,17,11.5,5.3,28.6,"MINNEAPOLIS-ST. PAUL, MN-WI",12
28033,11.7,4.8,51.6,3.5,2,26.4,12.1,30.4,26.4,"MEMPHIS, TN-AR-MS",16
28035,21.1,3,52.4,2.7,1.4,47.3,12.7,40.4,23.2,"HATTIESBURG, MS",18
28045,18.1,3.8,51.3,2.1,0.9,38.3,18.6,12.6,22,"BILOXI-GULFPORT-PASCAGOULA, MS",16
28047,15.3,5.3,50.7,4.8,2.5,42.1,13.6,31.4,24.3,"BILOXI-GULFPORT-PASCAGOULA, MS",17
28049,12.3,1.5,53.3,1.8,1.2,45.3,12.6,74,24.9,"JACKSON, MS",17
28059,17.6,5.9,50.7,3.4,2.5,34.7,14.5,28.3,24.1,"BILOXI-GULFPORT-PASCAGOULA, MS",17
28073,15.4,2.5,52.1,2.8,1,33.5,12.3,24,25.3,"HATTIESBURG, MS",15
28089,9.6,2.9,52.1,3.9,2.3,25,12.1,43.4,25.5,"JACKSON, MS",16
28121,13.2,2.7,51.8,2.7,1.6,27.8,13.9,23.5,24.1,"JACKSON, MS",15
29003,14,2.3,50.3,0.8,0.1,28.7,17.8,4.1,23.1,"ST. JOSEPH, MO",14
29019,11.3,3.3,51.4,6,2.6,34.7,10.9,18.6,20.4,"COLUMBIA, MO",15
29021,15.5,6.4,49.8,4,2.8,36.6,14.9,11.8,22.9,"ST. JOSEPH, MO",16
29037,13.2,4.2,50.9,2.4,1.2,24.7,15.7,8.2,24.9,"KANSAS CITY, MO-KS",15
29043,12.7,2.8,51.5,1.5,0.6,30.8,14.5,4.4,26,"SPRINGFIELD, MO",14
29047,11.8,6.6,51,4.6,2.7,23.6,13.2,14,24.7,"KANSAS CITY, MO-KS",15
29049,12.5,2,49.8,1.2,0.6,28.5,17.3,4.8,23.8,"KANSAS CITY, MO-KS",14
29071,12.6,1.7,50.2,1.5,0.6,30.2,15.9,3.8,23.4,"ST. LOUIS, MO-IL",14
29077,14.2,3.5,51.3,3.3,1.8,40.4,15.5,9.5,21,"SPRINGFIELD, MO",15
29095,13.5,8.8,51.6,5.9,3.7,35.2,14,33.4,23.9,"KANSAS CITY, MO-KS",17
29097,14.1,7.7,51.3,4.1,2.8,39.7,14.5,9.6,25.3,"JOPLIN, MO",16
29099,12.7,1.8,50.2,1.7,0.8,27,13.6,3.8,23.9,"ST. LOUIS, MO-IL",14
29107,14.7,2.7,50.6,1.6,1,32.8,18,5.8,23.3,"KANSAS CITY, MO-KS",14
29113,15.8,2.3,50.1,1.3,0.7,33.3,12.6,5,26.1,"ST. LOUIS, MO-IL",15
29145,13.9,5.1,50.3,3.6,2.3,39.4,17.2,9.3,24.3,"JOPLIN, MO",16
29165,11.2,5.8,50.8,5.6,2.9,19.1,13.5,14.1,23.9,"KANSAS CITY, MO-KS",14
29177,15.7,2.3,50.3,0.9,0.7,30.6,17.2,4.3,23.1,"KANSAS CITY, MO-KS",15
29183,9.8,3.2,50.8,4,1.6,15.4,13.7,9.8,24.1,"ST. LOUIS, MO-IL",13
29189,12,2.8,52.6,6.9,3.1,24.2,16.9,31.1,22.3,"ST. LOUIS, MO-IL",16
29219,15.6,3.2,50,1.6,0.7,31.2,17.2,7,24.1,"ST. LOUIS, MO-IL",15
29225,15.2,2,49,0.9,3.7,43.2,14.9,4.5,27.2,"SPRINGFIELD, MO",15
29510,15.6,3.9,51.7,6.7,3.6,46.4,12.1,54.1,19.9,"ST. LOUIS, MO-IL",17
30013,14.8,4.2,49.6,2.2,0.5,35.3,17.4,11.5,22.5,"GREAT FALLS, MT",15
30063,12.6,3.1,49.6,2.4,1.2,34.4,14.1,8.1,19.3,"MISSOULA, MT",13
30111,12.9,5.3,50.8,2.1,0.9,29,15.7,9.1,23.6,"BILLINGS, MT",14
31025,9.4,3.1,49.8,1.2,0.5,19.4,16,3.4,24.5,"OMAHA, NE-IA",12
31043,9.8,38.4,50.9,23.7,17.8,43.9,13,28.9,29,"SIOUX CITY, IA-NE",20
31055,10.6,12.2,50.7,9.4,7.2,30.9,11.9,20.2,25.8,"OMAHA, NE-IA",16
31109,10.5,6.7,49.8,7.8,4.7,30.7,12.6,13.5,23,"LINCOLN, NE",15
31153,9.1,8.7,50,5.3,3,18.1,10.6,11.4,28,"OMAHA, NE-IA",14
31177,14.9,2.8,50.4,1.3,1,20.1,16.6,3.6,24.1,"OMAHA, NE-IA",14
32003,12.4,30.7,50,22.3,13.5,35.4,13.7,38.4,23.7,"LAS VEGAS, NV-AZ",20
32023,25.9,14.2,49.7,7.8,2.9,40.9,28.3,17.1,17.1,"LAS VEGAS, NV-AZ",18
32031,12.1,23.9,49.7,14.4,8.7,32.5,15,20.4,22.2,"RENO, NV",17
33011,11.5,6.3,50.3,9.3,4.7,20.7,14.4,9.7,21.3,"BOSTON-WORCESTER-LAWRENCE-LOWELL-BROCKTON, MA",15
33013,13.8,2,50.8,4.8,1.8,20.5,16.6,5.4,19.8,"BOSTON-WORCESTER-LAWRENCE-LOWELL-BROCKTON, MA-NH",13
33015,10.6,2.7,50.5,4.8,1.5,13.8,16,4.9,20.3,"BOSTON-WORCESTER-LAWRENCE-LOWELL-BROCKTON, MA",13
33017,12.6,2.2,51.1,5.4,1.9,23.5,13.9,6.9,19.3,"BOSTON-WORCESTER-LAWRENCE-LOWELL-BROCKTON, MA",13
34001,13.5,18.5,51.6,16.3,11.3,32.7,16.3,33.1,21.9,"ATLANTIC-CAPE MAY, NJ",18
34003,8.1,18.9,51.6,30.5,14.5,17.6,16.4,29.2,21.5,"BERGEN-PASSAIC, NJ",18
34005,11.5,7.6,50.8,9.4,4,16.6,15.9,27.5,21.4,"PHILADELPHIA, PA-NJ",16
34007,13.4,16.1,51.7,11.1,8.3,28.1,14.6,36.8,23.1,"PHILADELPHIA, PA-NJ",18
34009,14.1,7.4,51.2,4.8,3,25,24.5,8.7,17.8,"ATLANTIC-CAPE MAY, NJ",15
34011,14.3,29.7,48.7,10.5,12.2,41,14.2,33.8,23.8,"VINELAND-MILLVILLE-BRIDGETON, NJ",19
34013,12.2,22.4,52,25.8,14.7,34.4,12.8,57.9,23.9,"NEWARK, NJ",21
34015,12.8,5.8,51.4,5.5,2.9,18.3,14.5,18.3,22.7,"PHILADELPHIA, PA-NJ",15
34017,9.4,43.2,50.4,43,25.2,35.5,11.2,44.7,20.4,"JERSEY CITY, NJ",21
34019,9,6.2,50,8.8,3.2,10.3,16.5,9,20.6,"MIDDLESEX-SOMERSET-HUNTERDON, N",14
34021,10.3,16.9,51.1,22.2,12.1,25.6,14.1,36.6,21.5,"TRENTON, NJ",19
34023,9.1,20.4,50.8,32.6,15.9,20.5,13.8,40.5,21.9,"MIDDLESEX-SOMERSET-HUNTERDON, N",19
34025,10,10.6,51.4,13.5,6.5,17.5,16.1,17.9,22,"MONMOUTH-OCEAN, NJ",16
34027,8.2,13,51,19,8.7,12.3,15.8,18.5,22,"NEWARK, NJ",16
34029,13.4,9,51.8,8,4.2,25.9,22.1,8.7,23.6,"MONMOUTH-OCEAN, NJ",15
34031,8.8,40.5,51.4,29.1,20.3,34.7,13.6,37.5,24.1,"BERGEN-PASSAIC, NJ",21
34033,15.5,8.3,51.2,4.9,3.9,27.9,17.2,19.4,22.1,"PHILADELPHIA, PA-NJ",16
34035,8,14.4,51.2,24.6,9.4,12.3,14.4,32.4,22.8,"MIDDLESEX-SOMERSET-HUNTERDON, N",17
34037,10.2,7.5,50.2,8,2.9,15.2,15.4,7,21,"NEWARK, NJ",14
34039,9.4,30.7,51.3,29.9,19.9,26.7,13.6,43.4,23.6,"NEWARK, NJ",20
34041,12.6,8.6,51.2,9.3,4.7,19.6,16.5,10.6,20.9,"NEWARK, NJ",15
35001,13.6,49.5,51,10.2,8,37.6,14.7,26,22.7,"ALBUQUERQUE, NM",19
35013,12.6,67.7,50.9,17.2,15.5,53,14.4,11.7,25.4,"LAS CRUCES, NM",21
35028,9.7,17.2,49.3,10,3.7,11.6,17.2,13.4,23.1,"SANTA FE, NM",14
35043,12.8,37.9,51.1,5.9,4.4,32.5,15.7,29.9,24.3,"ALBUQUERQUE, NM",18
35049,13.2,51.2,51.3,12.1,9,33.6,20.8,17.1,19.2,"SANTA FE, NM",18
35061,19.8,60,49.9,8.1,8.1,46.7,16,19.3,24.4,"ALBUQUERQUE, NM",20
36001,11.3,5.7,51.6,9.8,4.3,26,15.6,24,18.8,"ALBANY-SCHENECTADY-TROY, NY",15
36005,14.6,55.7,52.9,35.3,26.1,53.6,11.8,79,25.2,"NEW YORK-NEWARK, NY-NJ-PA",25
36007,15.4,4,50.8,6.7,3,35.9,17.9,13.9,19.6,"BINGHAMTON, NY",16
36011,14.1,2.8,48.8,2.2,1.5,30.9,17.4,8,20.3,"SYRACUSE, NY",14
36013,15.8,7.2,50.6,2.1,2.9,40.2,18.5,7.3,20.8,"JAMESTOWN, NY",16
36015,14.9,3,50.5,2.8,0.7,34.6,17.3,11.7,21.8,"ELMIRA, NY",16
36027,13,11.7,50.3,11.3,4.9,22.1,16,21.4,19.8,"DUTCHESS COUNTY, NY",16
36029,13.2,5.2,51.6,6.8,3.5,30.5,16.9,22,20.6,"BUFFALO-NIAGARA FALLS, NY",16
36037,14.8,3.1,50.1,1.9,1,28.7,17.6,7.9,20.8,"ROCHESTER, NY",15
36043,15.8,2.1,50.6,2.5,1.1,35.6,19,4,21.1,"UTICA-ROME, NY",15
36047,10.3,19.3,52.6,36.9,22.9,41.9,12.8,56.8,23.1,"NEW YORK-NEWARK, NY-NJ-PA",21
36051,13.2,3.4,49.9,3.6,1.8,31.1,16.1,6.7,18.4,"ROCHESTER, NY",14
36053,12.1,2.1,50.7,2.4,0.8,28.5,16.3,5.2,20,"SYRACUSE, NY",14
36055,13.3,8.3,51.7,8.5,5.2,30.5,15.8,24.1,21.3,"ROCHESTER, NY",17
36057,15.9,13.2,50.8,3.4,4,40.9,17.9,11.8,22.9,"ALBANY-SCHENECTADY-TROY, NY",17
36059,8.5,16.4,51.5,22,11.7,15.1,16.8,31.1,21.9,"NASSAU-SUFFOLK, NY",17
36061,10.2,26.1,52.7,28.9,15.5,31.2,15.3,43.6,14.5,"NEW YORK-NEWARK, NY-NJ-PA",18
36063,13.5,2.7,51.3,4,1.5,30.8,17.7,12.2,20.3,"BUFFALO-NIAGARA FALLS, NY",15
36065,14.9,5.4,50.1,7.5,5,34.7,17.7,14.4,21.3,"UTICA-ROME, NY",16
36067,12.5,4.7,51.7,7.6,3.7,30.3,15.7,20.1,21.7,"SYRACUSE, NY",16
36069,11.9,4.4,50.9,3.9,2.3,26,18.2,7.3,20.8,"ROCHESTER, NY",14
36071,12,19.7,49.9,10.8,8.9,26.3,13,25.9,25.8,"NEWBURGH, NY-PA",17
36073,17.2,4.7,50.3,3.4,1.9,37.8,16.5,10.8,20.1,"ROCHESTER, NY",16
36075,15.2,2.5,49.9,1.8,1,36.5,14.8,4.3,21.5,"SYRACUSE, NY",14
36079,10.6,13.8,50.2,13.3,6.5,14,15.6,10.9,20.9,"NEW YORK-NEWARK, NY-NJ-PA",16
36081,9.6,28,51.5,47.5,29.3,33.5,14.3,60.3,20.3,"NEW YORK-NEWARK, NY-NJ-PA",21
36083,13.6,4.6,50.7,4.9,2.5,26.6,15.6,13.5,20.1,"ALBANY-SCHENECTADY-TROY, NY",14
36085,10,18.2,51.6,22.2,10.9,24.8,15.1,25.2,22.1,"NEW YORK-NEWARK, NY-NJ-PA",18
36087,9.3,17.3,51,21.4,17.2,28.9,15.1,29.1,27.7,"NEW YORK-NEWARK, NY-NJ-PA",18
36091,11.3,3,50.6,5.3,1.7,17.5,16.5,6.8,20.9,"ALBANY-SCHENECTADY-TROY, NY",14
36093,13.6,6.7,51.3,10.6,3.7,26.8,16.2,22.2,21.7,"ALBANY-SCHENECTADY-TROY, NY",16
36095,16,3,50.3,2.9,0.9,30.7,19.4,4,18.1,"ALBANY-SCHENECTADY-TROY, NY",14
36103,9.5,18.6,50.8,15.6,9.1,17.9,15.6,19.5,22,"NASSAU-SUFFOLK, NY",16
36107,14,1.8,50.7,2,0.7,29.5,18.5,3.3,21.7,"BINGHAMTON, NY",14
36113,14.5,2.4,51,3.6,1.3,25.1,20.3,4,18.8,"GLENS FALLS, NY",15
36115,14.2,2.6,48.3,2.1,0.8,34.3,17.7,6.2,19.6,"GLENS FALLS, NY",14
36117,14.7,4.2,50.6,2.9,1.7,28.7,17.2,6.9,21.9,"ROCHESTER, NY",15
36119,9.2,24,51.6,25.4,12.8,21.3,16,34.6,22.6,"NEW YORK-NEWARK, NY-NJ-PA",19
37001,14.6,12.3,52.4,8.2,5.6,40.3,16.2,29.5,22.8,"GREENSBORO--WINSTON-SALEM--HIGH POINT, NC",18
37003,18.1,4.6,49.4,3.5,2,38.9,18.8,12,20.7,"HICKORY-MORGANTON-LENOIR, NC",16
37019,17.2,4.7,51.5,4.2,2.1,33.6,28.1,16.5,16.8,"WILMINGTON, NC",16
37021,13.6,6.4,52,5.9,3.7,34.3,18.4,11.2,19.2,"ASHEVILLE, NC",16
37023,20.7,5.9,50.6,4.3,3.4,42.6,18.8,15.3,19.7,"HICKORY-MORGANTON-LENOIR, NC",17
37025,10.4,10,51.3,8,4.3,28.9,12.6,27.4,26.2,"CHARLOTTE-GASTONIA-ROCK HILL, NC-SC",16
37027,18.6,5.1,50.7,3.5,2.5,41.4,18.4,10.8,20.8,"HICKORY-MORGANTON-LENOIR, NC",17
37035,14.4,9.3,51.1,7,5.4,36.3,16.6,21.2,22.8,"HICKORY-MORGANTON-LENOIR, NC",17
37037,14.6,12.6,51.7,8.6,5.8,29.9,22.7,19.8,20.6,"RALEIGH-DURHAM-CHAPEL HILL, NC",17
37051,16.6,11.2,50.2,6,3.5,41.7,11,49,25,"FAYETTEVILLE, NC",18
37053,14.7,3.6,50.4,2.6,1,26.3,15.4,9.8,22.2,"NORFOLK-VIRGINIA BEACH-NEWPORT NEWS, VA-NC",14
37057,16.6,6.9,51.2,4.8,3.7,38.7,17,14,22.6,"GREENSBORO--WINSTON-SALEM--HIGH POINT, NC",17
37059,14.5,6.5,51.2,4.4,3.9,31.1,19.3,11,21.8,"GREENSBORO--WINSTON-SALEM--HIGH POINT, NC",16
37063,10.3,13.5,52.2,13.9,8.9,33.3,11.6,49.1,21.7,"RALEIGH-DURHAM-CHAPEL HILL, NC",18
37065,17.3,4.3,53.6,2.1,1.6,52.4,17.7,61.6,23.1,"ROCKY MOUNT, NC",19
37067,10.5,12.6,52.5,8.6,5.9,38.2,14.8,33.6,23.5,"GREENSBORO--WINSTON-SALEM--HIGH POINT, NC",17
37069,15.2,8.1,50.2,5.6,3.8,39.9,15.5,32.3,22.7,"RALEIGH-DURHAM-CHAPEL HILL, NC",18
37071,16,6.6,51.8,5.4,2.8,39.4,15.3,23.1,23,"CHARLOTTE-GASTONIA-ROCK HILL, NC-SC",17
37081,11,7.7,52.6,10.2,5.7,37.4,14.1,43.9,22.6,"GREENSBORO--WINSTON-SALEM--HIGH POINT, NC",18
37101,14,13.3,50.9,7.7,5.5,34.9,12.4,22.2,26.2,"RALEIGH-DURHAM-CHAPEL HILL, NC",18
37109,15,7,50.5,4.7,2.8,36.7,16.3,11.4,21.8,"CHARLOTTE-GASTONIA-ROCK HILL, NC-SC",15
37115,16.3,2.5,50.5,2.3,1.1,40.1,20.6,4,18.2,"ASHEVILLE, NC",15
37119,8.7,12.9,51.9,15,8.8,31,10.4,44.9,24.3,"CHARLOTTE-GASTONIA-ROCK HILL, NC-SC",17
37127,16.3,6.7,52,4.3,2.6,38.4,16.9,46.8,22.6,"ROCKY MOUNT, NC",18
37129,12.6,5.4,52.1,5,2.8,35,16.2,19.1,19.2,"WILMINGTON, NC",16
37133,16.9,12.2,44.3,4,2,40.1,8.5,25.3,24.5,"JACKSONVILLE, NC",16
37135,8.9,8.3,52.3,12.8,6,28.9,12.3,25.3,20.1,"RALEIGH-DURHAM-CHAPEL HILL, NC",16
37147,12.4,6,52.8,4.7,2.6,43.2,12,42.3,21.8,"GREENVILLE, NC",17
37151,14.8,11.1,50.7,6.4,4.7,41.5,16.5,15.1,23.3,"GREENSBORO--WINSTON-SALEM--HIGH POINT, NC",17
37159,15.6,8.3,50.5,4.5,4,39.8,16.4,22.3,22.7,"CHARLOTTE-GASTONIA-ROCK HILL, NC-SC",17
37167,15.3,4,50.2,3,2.1,39.4,18,15.9,21.8,"CHARLOTTE-GASTONIA-ROCK HILL, NC-SC",15
37169,15.2,2.8,51.1,1.8,0.9,33.7,19.3,6.8,19.9,"GREENSBORO--WINSTON-SALEM--HIGH POINT, NC",14
37179,9.6,10.9,50.7,8.8,4.9,24.6,11.7,18.5,28.1,"CHARLOTTE-GASTONIA-ROCK HILL, NC-SC",16
37183,8.4,10,51.4,13.3,5.9,24.3,10.5,33.5,24.7,"RALEIGH-DURHAM-CHAPEL HILL, NC",16
37191,16.8,11.3,50.9,7.3,6.2,44.1,15,39,23.9,"GOLDSBORO, NC",19
37197,16.8,10.9,50.9,5,4.3,42,18.7,9.2,21.8,"GREENSBORO--WINSTON-SALEM--HIGH POINT, NC",17
38015,10,2.2,50,2.2,1.2,19.9,14.7,8.4,23,"BISMARCK, ND",13
38017,9.9,2.5,49.4,6.6,2.8,26.5,10.9,11.5,22.1,"FARGO-MOORHEAD, ND-MN",13
38035,10.4,4,48,4.6,1.9,33.5,11.5,12.2,20.5,"GRAND FORKS, ND-MN",13
38059,9.2,2.7,48.8,1.1,1,21,15.1,7.4,22.2,"BISMARCK, ND",13
39003,15.3,2.9,49.5,1.3,0.9,35.3,16.3,16.9,23.3,"LIMA, OH",15
39007,15.8,4,49.8,1.4,1.9,43,17.6,7.1,22.5,"CLEVELAND-LORAIN-ELYRIA, OH",16
39011,11.2,1.6,50.1,1.1,0.6,25.8,17,3,24.4,"LIMA, OH",14
39013,16.8,0.9,49,1,0.3,33.4,19.2,6.6,19.2,"WHEELING, WV-OH",14
39015,17,0.9,50.5,0.6,0.3,37.4,17.1,2.8,23.2,"CINCINNATI, OH-KY-IN",14
39017,11.9,4.5,51,5.7,3,27.7,13.6,14.6,24,"HAMILTON-MIDDLETOWN, OH",15
39019,13.3,1.3,50.3,0.8,0.9,35.1,19.5,2.6,21,"CANTON-MASSILLON, OH",14
39023,16.4,3.2,51.6,2,1.3,38.3,18.3,13.4,22.8,"DAYTON-SPRINGFIELD, OH",16
39025,13.1,1.8,50.6,2.3,0.7,24.5,14.6,4.6,23.9,"CINCINNATI, OH-KY-IN",13
39029,16.2,1.6,49.7,1.1,0.6,37.6,18.7,5,20.8,"YOUNGSTOWN-WARREN, OH",15
39033,17.1,1.5,51.2,1,0.7,38.6,19.8,3.1,22.1,"MANSFIELD, OH",15
39035,15,5.6,52.4,7.1,4.2,36.3,17,37,21.3,"CLEVELAND-LORAIN-ELYRIA, OH",18
39041,7.5,2.4,50.5,6.8,1.9,12.3,12.2,11.6,27.4,"COLUMBUS, OH",13
39045,13.3,2,50.2,2.9,1.4,26,14.8,11.7,24.4,"COLUMBUS, OH",14
39049,11.5,5.2,51.2,10.1,5,33.7,11.2,32.3,23.5,"COLUMBUS, OH",16
39051,13,8.4,50.6,1.8,1.4,26.5,16.3,6.3,24.4,"TOLEDO, OH",15
39055,10.3,1.4,50.8,2.6,3.8,20.2,18.5,3.3,23.8,"CLEVELAND-LORAIN-ELYRIA, OH",14
39057,12.5,2.7,50.8,5,2.1,25.3,15.9,13.8,20.7,"DAYTON-SPRINGFIELD, OH",14
39061,12.7,3,51.8,5.3,2.5,33.6,14.5,32.1,23.2,"CINCINNATI, OH-KY-IN",16
39081,18.4,1.3,51.6,1.2,0.6,37.6,20.1,8.6,19.5,"STEUBENVILLE-WEIRTON, OH-WV",16
39085,12.6,4,51.1,5.3,2.6,23.4,18.4,8.2,20.8,"CLEVELAND-LORAIN-ELYRIA, OH",14
39087,21.7,0.9,50.9,0.7,0.3,40.9,17.9,4.6,22.4,"HUNTINGTON-ASHLAND, WV-KY-OH",15
39089,14.6,1.7,51,2,1,28.4,15.4,7.6,23.6,"COLUMBUS, OH",14
39093,15.3,9.5,50.7,3,2.6,29.3,16.8,14.8,22.6,"CLEVELAND-LORAIN-ELYRIA, OH",16
39095,15.2,6.8,51.5,3.8,2.1,39,15,27.6,23.2,"TOLEDO, OH",17
39097,15.8,1.9,45.4,1.4,0.9,25,14.5,9.5,20.9,"COLUMBUS, OH",14
39099,15.6,5.6,51.3,2.6,2,38.2,19.6,19.9,20.4,"YOUNGSTOWN-WARREN, OH",17
39103,10.7,1.9,50.5,2.8,1.2,17.6,16.1,4.4,23.3,"CLEVELAND-LORAIN-ELYRIA, OH",13
39109,13.8,1.6,50.5,1.9,0.8,29.2,17.6,5.9,23.1,"DAYTON-SPRINGFIELD, OH",14
39113,15.2,2.7,51.9,4.6,2.3,37.2,17,26.8,22.4,"DAYTON-SPRINGFIELD, OH",17
39129,15,1.3,47.3,1.2,0.5,27.7,14.9,6.6,22,"COLUMBUS, OH",14
39133,13.2,1.7,51.1,4.1,1.7,30.2,14.9,9,19.3,"AKRON, OH",14
39139,15.9,1.8,49.2,1.5,1.1,38,18.5,13.2,21.8,"MANSFIELD, OH",16
39151,13.4,1.9,51.4,2.1,1,32.6,18.1,11.8,21.9,"CANTON-MASSILLON, OH",15
39153,12.6,2,51.5,5,2.5,31.1,16.6,20.9,21.5,"AKRON, OH",15
39155,14.6,1.7,51.2,1.5,1.3,36.4,19.9,11.4,20.9,"YOUNGSTOWN-WARREN, OH",15
39165,9.6,2.6,49.6,6.3,2.2,15.1,13.2,11.1,25.7,"CINCINNATI, OH-KY-IN",13
39167,20.1,1,50.6,1.3,0.4,34.6,19.6,3.9,19.9,"PARKERSBURG-MARIETTA, WV-OH",15
39173,11.1,5.3,50.8,3.2,1.7,28.5,14.1,7.7,20.6,"TOLEDO, OH",13
40017,13.3,8.3,50.3,4.7,3,23.2,12.3,18.5,26.4,"OKLAHOMA CITY, OK",15
40027,13.1,8.2,50,6.2,3.3,29.4,12.1,21.6,22.2,"OKLAHOMA CITY, OK",15
40031,18.3,12.7,48.2,5.1,2.3,39.4,11.6,36.6,24.1,"LAWTON, OK",18
40037,13.9,3.9,50.4,2,0.9,37.7,16.8,20.3,24.2,"TULSA, OK",15
40047,14.5,11.6,50.5,7.3,6,36,15.2,18,26,"ENID, OK",16
40083,13.3,5.7,50.2,3,1,31.6,14.3,17.4,23.9,"OKLAHOMA CITY, OK",16
40087,13.3,7.8,50.4,3,2.1,25.6,14.7,15.8,25.8,"OKLAHOMA CITY, OK",14
40109,13.6,16.8,51.1,10.5,7.6,37.7,12.8,31.3,25.7,"OKLAHOMA CITY, OK",18
40113,18.6,3.4,49.8,1.4,0.6,36.2,18,34.9,22.9,"TULSA, OK",17
40125,17.6,4.9,52.4,1.8,1.4,40.1,15.6,23.9,24.3,"OKLAHOMA CITY, OK",17
40131,15.1,4.4,50.1,2.3,1.6,27.7,15.3,25.1,24.4,"TULSA, OK",16
40135,24.8,3.9,50.6,1.8,1.1,50.6,17.6,35.2,23.4,"FORT SMITH, AR-OK",18
40143,13.7,12.1,51.2,8.6,6,35,13.3,29.8,25.5,"TULSA, OK",17
40145,16,5.7,50.6,3.6,2.1,30.3,15.1,24.4,25.1,"TULSA, OK",16
41003,10.5,7.1,49.5,10.1,4.2,36.3,14.6,13.4,16.7,"CORVALLIS, OR",15
41005,11.8,8.4,50.8,8.1,4.2,22.3,16.5,11.4,22.1,"PORTLAND-VANCOUVER,OR-WA",15
41009,16.7,4.8,49.8,3,1.4,31.5,17.5,7,22,"PORTLAND-VANCOUVER,OR-WA",15
41029,16.8,12.2,51.2,6,3.3,38.7,20.5,8.6,20.9,"MEDFORD-ASHLAND, OR",17
41039,16.8,8.4,50.7,5.9,2.6,39.6,17.7,12.3,19,"EUGENE-SPRINGFIELD, OR",16
41047,14.8,26,50.2,12.8,10.8,39.1,14.6,17.7,25.3,"SALEM, OR",18
41051,13.1,11.3,50.5,14.2,8.5,33.5,12.3,22.2,19.6,"PORTLAND-VANCOUVER,OR-WA",16
41053,14.4,13.4,51.4,8.2,5.1,34,16.9,11.1,23.3,"SALEM, OR",17
41067,10.2,16.4,50.6,17.1,9.1,25.4,12.1,22.6,24,"PORTLAND-VANCOUVER,OR-WA",17
41071,15.7,15.7,50,9.1,5.4,31.5,15.9,11.8,23.1,"PORTLAND-VANCOUVER,OR-WA",17
42003,13.3,2,51.8,5.7,2.4,27.3,17.7,19.7,19,"PITTSBURGH, PA",15
42007,15.2,1.5,51.5,1.6,0.7,28,20,9.4,19.7,"PITTSBURGH, PA",15
42011,13.3,19.6,50.8,7.1,7.5,30.7,16.3,17.2,22.7,"READING, PA",18
42013,17.3,1.2,51,1.2,0.8,34.4,19.4,4.3,20.7,"ALTOONA, PA",14
42017,10.8,5,50.9,8.8,4,16.3,17.1,11.5,21.1,"PHILADELPHIA, PA-NJ",14
42019,12.1,1.4,50.6,2.2,0.8,21.1,17.3,3.9,20.7,"PITTSBURGH, PA",13
42021,18,1.5,50.9,1.2,0.6,34.3,20.9,6.2,19.3,"JOHNSTOWN, PA",15
42025,16.3,4.3,50.4,2.5,1.2,32,19.7,3.8,19.7,"ALLENTOWN-BETHLEHEM-EASTON, PA",15
42027,9.8,2.8,47.5,8.4,3.9,33.1,12.9,12.2,15.3,"STATE COLLEGE, PA",13
42029,8.5,7.2,50.7,9.4,4.5,16.6,15,14.2,23.3,"PHILADELPHIA, PA-NJ",14
42037,12.9,2.6,51.8,2.3,1,35,17.9,4.9,17.8,"SCRANTON-WILKES-BARRE-HAZLETON, PA",15
42041,11.3,3.5,50.6,6.1,3.2,22.4,17.4,11.2,20.4,"HARRISBURG-LEBANON-CARLISLE, PA",14
42043,13.2,8.5,51.6,7.5,4.7,29.5,15.7,28.6,22.5,"HARRISBURG-LEBANON-CARLISLE, PA",17
42045,11.8,3.6,51.9,10,4.3,23.8,15.4,30.3,22.2,"PHILADELPHIA, PA-NJ",16
42049,15.3,4,50.6,4.5,2.9,36,16.3,12.9,21.8,"ERIE, PA",16
42051,18.5,1.1,50.7,1,0.8,40.5,19.6,7.3,19.5,"PITTSBURGH, PA",15
42069,15.6,6.7,51.6,5.4,4.3,34.5,18.9,7.8,20.2,"SCRANTON-WILKES-BARRE-HAZLETON, PA",16
42071,11.7,10,51,4.9,6.1,28,16.7,11.4,24,"LANCASTER, PA",16
42075,12.8,12.2,51,3.8,4.5,29.7,18.5,12.7,23,"HARRISBURG-LEBANON-CARLISLE, PA",16
42077,13.9,22.8,51.2,10.8,9.1,30.4,15.9,21.4,22.8,"ALLENTOWN-BETHLEHEM-EASTON, PA",18
42079,15.5,10.1,50.7,6,4.3,34,19.1,10.9,19.6,"SCRANTON-WILKES-BARRE-HAZLETON, PA",16
42081,15.4,1.9,50.9,1.8,1,33.2,17.9,8,20.6,"WILLIAMSPORT, PA",14
42085,16.6,1.4,50.7,1.6,1.6,32.3,20.2,8.8,20.1,"SHARON, PA",16
42091,10,4.9,51.4,10.7,4.3,16.4,16.7,20.1,21.9,"PHILADELPHIA, PA-NJ",15
42095,12.4,12.4,50.9,7.3,4.6,24,17.8,13.8,20.4,"ALLENTOWN-BETHLEHEM-EASTON, PA",15
42099,14,1.8,49.6,1.4,1,25.1,16.9,2.8,21.8,"HARRISBURG-LEBANON-CARLISLE, PA",13
42101,15.9,14.1,52.7,13.4,10.6,47,12.9,58.5,22,"PHILADELPHIA, PA-NJ",19
42103,16.2,10.3,49.8,8,2.8,25.4,20.5,11,19.4,"NEWBURGH, NY-PA",15
42111,16.2,1.4,48,1,1.6,34,20.9,4.7,18.3,"JOHNSTOWN, PA",15
42125,14.7,1.6,51,2,0.9,24.7,19.2,6.3,19.8,"PITTSBURGH, PA",14
42129,15,1.1,51.2,1.5,0.6,25.4,21.1,5.1,18.8,"PITTSBURGH, PA",14
42131,13.7,1.8,49.7,1.2,0.5,29.7,19.1,2.8,20.2,"SCRANTON-WILKES-BARRE-HAZLETON, PA",14
42133,13.4,6.9,50.6,3.8,2.7,25.9,16.3,11.1,22.4,"YORK, PA",15
44001,11.2,2.7,51.8,9.2,3.6,18.6,19.1,5.2,19.4,"PROVIDENCE-WARWICK-PAWTUCKET, RI",14
44003,15.3,4.4,51.6,6.2,2.5,20.5,17.6,7.6,19.3,"PROVIDENCE-WARWICK-PAWTUCKET, RI",14
44005,12.7,5.6,50.8,7.2,2.4,20.1,20.1,10.5,17.9,"PROVIDENCE-WARWICK-PAWTUCKET, RI",15
44007,13.4,21.6,51.5,18.6,12.5,34.9,14.5,26.7,20.9,"PROVIDENCE-WARWICK-PAWTUCKET, RI",19
44009,11,3,51.5,4.4,1.5,19.5,18.5,6.8,17.6,"PROVIDENCE-WARWICK-PAWTUCKET, RI",13
45003,14.1,5.5,51.6,4.5,2.8,39.2,17.8,29.4,22.1,"AUGUSTA-AIKEN, GA-SC",17
45007,16.2,3.5,51.9,2.7,1.4,38.1,17.2,20.1,23.2,"GREENVILLE-SPARTANBURG-ANDERSON, SC",17
45015,14,6.3,50.3,5.3,3,32.2,12.7,32.9,24.3,"CHARLESTON-NORTH CHARLESTON, SC",16
45019,10.9,5,51.6,5,2.3,31.1,15,32.2,20,"CHARLESTON-NORTH CHARLESTON, SC",15
45021,18.1,4.1,51.3,2.1,1.7,45.8,15.6,25.1,23.6,"GREENVILLE-SPARTANBURG-ANDERSON, SC",17
45035,12.3,5,51.3,4.7,2.2,30.1,12.5,32.1,25.2,"CHARLESTON-NORTH CHARLESTON, SC",16
45037,16.7,5.7,46.2,4,3.4,36.7,17.2,40.9,18.8,"AUGUSTA-AIKEN, GA-SC",16
45041,16,2.5,53.4,2.7,1.3,41.7,15.4,45.7,24.1,"FLORENCE, SC",18
45045,12.5,8.8,51.5,7.9,5,32.6,14.6,24.7,23.5,"GREENVILLE-SPARTANBURG-ANDERSON, SC",17
45051,16.5,6,51.6,6.3,3,38.9,21.3,19.2,19,"MYRTLE BEACH, SC",17
45063,13.2,5.8,51.2,5.2,3.1,30.9,14.6,20.3,23.6,"COLUMBIA, SC",16
45077,15.2,3.5,50.3,3.8,1.7,39.8,15.5,11.4,19.5,"GREENVILLE-SPARTANBURG-ANDERSON, SC",15
45079,12.5,5,51.5,5.6,2.9,35.7,11.6,54,21.8,"COLUMBIA, SC",17
45083,15.3,6.5,51.5,6.4,4,38,15.4,26.7,23.5,"GREENVILLE-SPARTANBURG-ANDERSON, SC",17
45085,19.6,3.8,51.9,3.3,1.4,45.7,15.1,51.7,24.5,"SUMTER, SC",19
45091,10.9,5.1,51.7,4.9,2.5,29,13.4,25.3,24.6,"CHARLOTTE-GASTONIA-ROCK HILL, NC-SC",15
46083,7.3,1.9,50.6,2.4,1.3,13.8,11.1,5.1,28.8,"SIOUX FALLS, SD",13
46099,10.4,4.7,49.7,6.5,4,27.6,12.1,13.8,25.2,"SIOUX FALLS, SD",14
46103,13.8,4.8,49.8,2.5,1.1,32.6,16,17,23.6,"RAPID CITY, SD",15
47001,19.2,2.7,51.3,3.2,1.8,36.3,19.2,8.5,21.1,"KNOXVILLE, TN",16
47009,15.1,3.1,51.5,3,1.5,32.7,18.9,5.8,20.9,"KNOXVILLE, TN",15
47019,21.5,1.7,50.9,1.1,0.4,48.9,20.2,3.3,19.2,"JOHNSON CITY-KINGSPORT-BRISTOL, TN-VA",16
47021,14.4,2.7,50.5,1.6,0.4,32.5,13.8,4.9,23.2,"NASHVILLE, TN",14
47023,12.7,2.4,52,2.5,1,37.7,16.5,13.5,23,"JACKSON, TN",16
47037,11.8,10.1,51.8,12.5,8.8,36,11.4,36.4,21.4,"NASHVILLE, TN",17
47043,16.6,3.3,51.1,1.9,0.9,35.9,15.2,7.4,23.6,"NASHVILLE, TN",15
47047,15.2,2.5,50.9,1.9,0.8,31.3,19.3,30,20.5,"MEMPHIS, TN-AR-MS",16
47065,13.9,5.3,51.8,5,2.9,33.3,16.5,24.6,21,"CHATTANOOGA, TN-GA",16
47073,22.5,1.4,51.2,1.1,0.6,45.6,19.3,3.9,20.8,"JOHNSON CITY-KINGSPORT-BRISTOL, TN-VA",16
47093,12.9,4,51.4,5,2.4,33,14.8,14.6,21.3,"KNOXVILLE, TN",15
47105,15.5,8.2,51.1,7.6,4.7,33.7,25,4.9,20,"KNOXVILLE, TN",16
47113,15.4,3.7,52.5,2.7,1.4,39.7,15.5,40.6,22.8,"JACKSON, TN",16
47115,20.3,1.7,51.2,0.7,0.2,35.6,18.8,6.6,21.4,"CHATTANOOGA, TN-GA",15
47125,14.6,9.7,49.9,5,2.4,35.5,8.7,28.6,27,"CLARKSVILLE-HOPKINSVILLE, TN-KY",16
47147,14.6,6.4,50.7,4,2.5,29.9,13.7,11.7,24.8,"NASHVILLE, TN",15
47149,10.4,7.4,50.7,7.3,4.1,29.1,9.7,21.5,25,"NASHVILLE, TN",15
47155,17.5,5.7,50.9,4.9,3.4,42.4,18.1,5.7,21.1,"KNOXVILLE, TN",16
47157,12.6,6.1,52.4,6.3,3.7,40.8,12.2,60.6,25.3,"MEMPHIS, TN-AR-MS",18
47163,20.5,1.8,51.5,1.7,0.7,39.8,20.7,5.4,19.8,"JOHNSON CITY-KINGSPORT-BRISTOL, TN-VA",16
47165,13.4,4.5,51.1,4.2,2,26.7,14.8,11.6,24.2,"NASHVILLE, TN",15
47167,16.1,2.7,50.6,1.5,1.3,33.1,13.4,22,25.4,"MEMPHIS, TN-AR-MS",16
47171,23.8,4.4,50.2,2.7,1.9,47.8,22.2,2.6,19,"JOHNSON CITY-KINGSPORT-BRISTOL, TN-VA",17
47173,17.5,1.5,50.4,0.6,0.4,46.3,17,2.2,22.2,"KNOXVILLE, TN",15
47179,17.8,3.3,51.4,3.7,0.9,38.4,17.1,8.5,19.6,"JOHNSON CITY-KINGSPORT-BRISTOL, TN-VA",15
47187,7.6,4.7,51.1,7.1,2.1,12.7,12,10.5,27.9,"NASHVILLE, TN",13
47189,12.9,3.8,51.1,4.3,1.9,23,14.7,11.6,24.2,"NASHVILLE, TN",14
48009,15.3,8.3,50.7,2.2,2.2,26.2,18.7,5.5,22.2,"WICHITA FALLS, TX",16
48021,14.5,36,49.1,10.8,9.6,35.6,13.8,24.1,25.6,"AUSTIN-SAN MARCOS, TX",19
48027,14.7,24,50,8.2,5.2,36,10,35.9,27.8,"KILLEEN-TEMPLE, TX",18
48029,13.9,59.8,50.7,13.1,11.9,38,11.4,20.6,26.1,"SAN ANTONIO, TX",20
48037,13.8,7.4,49.6,4,2.8,39.9,15.8,30.7,23.8,"TEXARKANA, TX-TEXARKANA, AR",17
48039,9.9,29.7,49.4,13.1,7.9,24.4,11.1,26.1,26.8,"BRAZORIA, TX",17
48041,8.5,25.1,49.4,13.3,9.3,45.5,8.5,25.2,20.6,"BRYAN-COLLEGE STATION, TX",17
48055,13.9,50.7,49.3,9,11,42.8,13.2,22.2,24.1,"AUSTIN-SAN MARCOS, TX",19
48061,12.9,89.3,51.5,23.9,27.1,57.6,12.5,6,31.4,"BROWNSVILLE-HARLINGEN-SAN BENITO, TX",24
48071,12.3,21.4,49.9,9.4,8.6,28.2,10.7,12.6,28,"HOUSTON, TX",18
48085,6.9,15.1,50.9,19.7,9.3,17.7,10.1,28.9,26.9,"DALLAS, TX",16
48091,13.7,26.8,50.6,6.5,5,24.2,17.5,9.4,23,"SAN ANTONIO, TX",17
48099,16,17.8,50,6.4,4.5,38,9.2,27.8,24.2,"KILLEEN-TEMPLE, TX",18
48113,9.7,39.6,50.7,24,21.2,41.4,10,38.7,26.8,"DALLAS, TX",20
48121,7.9,19.1,50.8,15,8,21.3,9.2,24.1,25.8,"DALLAS, TX",16
48135,12.5,58.7,49.4,13.7,14.4,32,9.5,17.7,29.9,"ODESSA-MIDLAND, TX",20
48139,11.1,25.5,50.7,8.5,7.9,27.4,12,18.6,27.1,"DALLAS, TX",17
48141,13.9,82.2,51,25.4,32,48.9,11.4,18.9,28.1,"EL PASO, TX",24
48157,7.7,24.2,50.8,27.6,13,20.4,9.7,47.7,28,"HOUSTON, TX",19
48167,13.5,23.9,50.6,9.8,6.8,29,13.2,21.9,24.6,"GALVESTON-TEXAS CITY, TX",18
48181,17,12.7,51.2,6.5,4.2,34.4,17.2,13,23.8,"SHERMAN-DENISON, TX",18
48183,14.8,18.2,51.1,8.8,6.9,44.1,14.5,25.6,25.9,"LONGVIEW-MARSHALL, TX",19
48187,12.3,37.3,50.6,7.3,6.6,27.2,13.1,27.3,26,"SAN ANTONIO, TX",18
48199,14.8,5.4,51.1,1.8,1.1,28,15.8,8.1,24.8,"BEAUMONT-PORT ARTHUR, TX",15
48201,9.2,42.2,50.3,26,20.4,37.7,9.6,36.7,27.1,"HOUSTON, TX",20
48203,12,12.7,51.2,6.3,3.9,38.4,15.6,27,25.6,"LONGVIEW-MARSHALL, TX",18
48209,8.8,37.8,50.2,8.6,7,30.9,10.2,12.5,23.5,"AUSTIN-SAN MARCOS, TX",16
48213,16.6,12.1,51.3,5.6,4.4,41.3,21.3,10.8,21.9,"DALLAS, TX",18
48215,13,91.8,51.1,27.3,31.8,58.6,10.4,11.1,33.5,"MCALLEN-EDINBURG-MISSION, TX",24
48221,13.7,12,50.9,2.7,3.9,29.8,24,4.6,21.4,"FORT WORTH-ARLINGTON, TX",16
48231,16.2,15.3,50.8,6.2,3.7,39.6,15.6,21.2,24,"DALLAS, TX",18
48245,13.9,19.5,48.8,11.9,8.7,39.8,13.7,41.5,23.8,"BEAUMONT-PORT ARTHUR, TX",20
48251,11,20.3,50.1,5.4,5.4,30.9,13.5,8.5,26.2,"FORT WORTH-ARLINGTON, TX",16
48257,11.9,19.9,50.9,7.7,6.4,29.9,11.8,17.8,27.8,"DALLAS, TX",17
48291,18.1,21.9,50.6,7.5,7.4,40.2,12.8,19.1,25.5,"HOUSTON, TX",18
48303,14.4,34.5,50.7,5.8,5.3,39.4,11.8,19.6,24.1,"LUBBOCK, TX",18
48309,12.9,25.6,51.2,8.8,9.9,42.4,13.6,22.8,24.8,"WACO, TX",19
48329,9.3,43.2,49.8,12.4,9.7,23.7,10.2,17.2,27.9,"ODESSA-MIDLAND, TX",17
48339,10.3,23,50.5,13,7.8,26,12.3,13.6,26.7,"HOUSTON, TX",17
48355,13.9,63,50.7,8.3,8.1,37.8,13.3,11.3,25.1,"CORPUS CHRISTI, TX",19
48361,16.4,7.1,50.5,2.8,1.5,33.9,15,12.2,24.8,"BEAUMONT-PORT ARTHUR, TX",16
48367,12.4,11.5,50.3,4.9,3.1,24.1,14.8,6.6,24.7,"FORT WORTH-ARLINGTON, TX",15
48375,11.8,37.6,48.5,15.7,14,47.7,11.6,21.6,27.6,"AMARILLO, TX",20
48381,12,20.2,50.9,5,3.4,24.2,13.9,10.3,24.2,"AMARILLO, TX",16
48397,8.8,17.1,50.8,9,5.3,18.3,11.7,14.1,27.7,"DALLAS, TX",15
48409,14.6,56.8,49.8,6.2,8.7,37.8,14.1,7.7,27.3,"CORPUS CHRISTI, TX",19
48423,13.6,19,51.7,8.3,7.2,38.9,15.6,23.1,24.8,"TYLER, TX",18
48439,10.4,28.2,51,16,12.3,32.1,10.5,31.4,26.9,"FORT WORTH-ARLINGTON, TX",19
48441,15.9,23.8,51.1,5.6,4.1,38.9,13.9,22.2,24.7,"ABILENE, TX",19
48451,14.1,38.8,50.5,6.5,5.8,34.2,14.6,15,23.6,"SAN ANGELO, TX",18
48453,8.6,33.9,49.6,17.8,12,29.8,8.9,25.1,22.7,"AUSTIN-SAN MARCOS, TX",17
48459,17.9,8.1,50.5,3.1,2,34.1,17.2,15.2,24,"LONGVIEW-MARSHALL, TX",16
48469,14.4,46,51.1,6.6,5.7,36,15,12.6,25.8,"VICTORIA, TX",19
48473,12.6,29.4,50,14.8,12.9,38.4,11.4,35.4,24.2,"HOUSTON, TX",18
48479,11.7,95.5,51.2,26.7,34.6,58.3,8.8,4.8,33.9,"LAREDO, TX",24
48485,16.3,18.5,48.1,7,6,39.4,13.9,21.7,22.6,"WICHITA FALLS, TX",19
48491,9.3,24.1,50.8,11.8,6.6,19.3,11.2,19.2,26.7,"AUSTIN-SAN MARCOS, TX",16
48493,11.8,39.2,49.8,4.7,8.3,25.7,14.5,6.4,24.7,"SAN ANTONIO, TX",17
49011,9.4,9.2,49.7,4.7,2.2,20.7,9.4,10.3,33.1,"SALT LAKE CITY-OGDEN, UT",14
49025,15.9,4.5,49.5,2.5,0.9,30.1,21.9,6.7,23.4,"FLAGSTAFF, ARIZONA-UTAH",16
49035,9.3,17.9,49.8,12.4,7.1,27.6,10,19.9,28.1,"SALT LAKE CITY-OGDEN, UT",16
49049,7.6,11.4,49.5,7.2,4.4,31.2,7.2,8,34.5,"PROVO-OREM, UT",15
49057,11.3,17.9,49.8,6.9,4.5,30.1,11.1,10.4,29,"SALT LAKE CITY-OGDEN, UT",16
50007,11.7,2.2,51,8.8,3,25.3,13.6,9.2,18.4,"BURLINGTON, VT",14
50011,12.4,1.4,50.3,2.9,0.8,23.9,14.5,4.8,22.9,"BURLINGTON, VT",13
50013,11,1.8,50.6,3.8,0.6,22.2,18.3,5.3,17.6,"BURLINGTON, VT",13
51003,8.9,5.7,52.2,10.2,4.1,22.2,16.7,18.5,20.7,"CHARLOTTESVILLE, VA",15
51009,14.3,2.3,51.8,1.7,1.3,32.3,19.5,23,20,"LYNCHBURG, VA",16
51013,5.8,15.5,50.2,22.9,7.5,16.2,9.8,28.5,17.3,"WASHINGTON, DC-MD-VA-WV",14
51019,14.1,2,50.8,2.5,1.1,24.8,19.8,10.4,20.6,"LYNCHBURG, VA",14
51023,14.1,1.6,50.5,3,1,23.9,20.6,6.1,20,"ROANOKE, VA",14
51031,15.7,2.1,51.5,2.5,1,33.8,18.7,18.4,20.3,"LYNCHBURG, VA",16
51036,16.5,1.8,51.1,1.9,0.5,31,22,57.1,16.1,"RICHMOND-PETERSBURG, VA",17
51041,10.1,8.2,51.8,7.9,4.2,19.7,13.4,31.7,24.3,"RICHMOND-PETERSBURG, VA",16
51043,10.9,4.8,49.8,4.1,2.4,21.9,19.7,10.7,21,"WASHINGTON, DC-MD-VA-WV",13
51047,11.5,9.7,49.7,7.6,4.7,27.7,14.6,23,25.2,"WASHINGTON, DC-MD-VA-WV",15
51053,16.7,3.2,50.6,2.9,1.7,33.3,16.2,35.3,20.9,"RICHMOND-PETERSBURG, VA",16
51059,7,16.2,50.5,30.9,14.9,15.3,12.2,37.5,23.7,"WASHINGTON, DC-MD-VA-WV",17
51061,10.7,7.5,50.5,6.3,3,14.6,15.3,13.1,23.7,"WASHINGTON, DC-MD-VA-WV",14
51065,13.4,3.3,54.3,2.8,1.1,18.4,18,18.8,20.6,"CHARLOTTESVILLE, VA",14
51073,15.6,3.3,50.6,2.4,0.5,22.4,17.7,12.3,20.3,"NORFOLK-VIRGINIA BEACH-NEWPORT NEWS, VA-NC",14
51075,11.6,2.6,50.8,4.2,1.5,16.8,20,20.3,18.7,"RICHMOND-PETERSBURG, VA",13
51079,15.1,5.7,51.1,4.5,3.1,31.2,15.6,13,24.4,"CHARLOTTESVILLE, VA",15
51085,9.6,2.8,50.9,3.7,1.5,14.7,16,13.3,22.7,"RICHMOND-PETERSBURG, VA",13
51087,11,5.4,52.7,12.2,5.7,23.7,14.2,42.5,23.3,"RICHMOND-PETERSBURG, VA",17
51093,12.9,2.8,51.1,1.8,0.9,23,17.4,27.5,21.1,"NORFOLK-VIRGINIA BEACH-NEWPORT NEWS, VA-NC",15
51095,12.9,5.4,51.7,6.1,2.9,18.5,23.6,19.7,20.5,"NORFOLK-VIRGINIA BEACH-NEWPORT NEWS, VA-NC",16
51099,10.2,4.6,49.8,2.6,1.1,19.6,12.1,22.6,25.8,"WASHINGTON, DC-MD-VA-WV",14
51107,5.6,13.5,50.5,23.9,9.9,10.6,8.3,33,29,"WASHINGTON, DC-MD-VA-WV",16
51115,16.8,0.7,52.1,1.1,0.2,23.1,29.6,14.1,15.4,"NORFOLK-VIRGINIA BEACH-NEWPORT NEWS, VA-NC",14
51127,10.2,2.9,49.8,3,0.3,11.7,15.9,18.3,20.7,"RICHMOND-PETERSBURG, VA",13
51143,17.1,2.5,51,2.1,1.5,39.7,20.4,25.1,19.8,"DANVILLE, VA",16
51145,10.3,2,46.5,2.6,0.4,16.6,16.5,13.8,19,"RICHMOND-PETERSBURG, VA",11
51149,14.8,7.6,45.2,4.2,2.7,25,12.6,41.5,21.5,"RICHMOND-PETERSBURG, VA",15
51153,7.5,22.4,50.1,23.4,12.7,18.6,8.7,41.1,27.7,"WASHINGTON, DC-MD-VA-WV",18
51161,12,2.8,52,5.5,2.2,21.6,19.8,11.3,20.6,"ROANOKE, VA",14
51169,23.3,1.3,49.8,1,0.5,40.6,22.2,1.9,18.7,"JOHNSON CITY-KINGSPORT-BRISTOL, TN-VA",15
51177,11.4,9,50.9,7.2,3.8,20.7,12.7,27,25.5,"WASHINGTON, DC-MD-VA-WV",15
51179,8.7,11.7,49.7,9.2,4.3,15.3,9.4,31,26.6,"WASHINGTON, DC-MD-VA-WV",15
51187,14.3,4.2,50.1,3.2,1.3,26.9,14.8,9.4,22.5,"WASHINGTON, DC-MD-VA-WV",14
51191,18.7,1.5,50.7,1.6,0.5,36.3,20.9,3.7,18.9,"JOHNSON CITY-KINGSPORT-BRISTOL, TN-VA",15
51199,11.6,6,50.9,7.9,4.2,15.5,14.7,23.7,24.2,"NORFOLK-VIRGINIA BEACH-NEWPORT NEWS, VA-NC",15
51510,7.1,16.7,51.8,28.4,12.6,22.9,10.5,37.7,18.1,"WASHINGTON, DC-MD-VA-WV",16
51520,22.7,0.5,53.3,0.8,0.2,46.4,19.8,11.6,20.7,"JOHNSON CITY-KINGSPORT-BRISTOL, TN-VA",17
51540,8.9,5.2,52,12.5,5,41.2,10.4,29.9,15.6,"CHARLOTTESVILLE, VA",15
51550,10.5,5.6,51.2,5.3,1.8,22.2,12.1,38.2,24.4,"NORFOLK-VIRGINIA BEACH-NEWPORT NEWS, VA-NC",15
51570,15.9,5.5,53.9,7.2,4.3,35.8,20.3,22.6,22.7,"RICHMOND-PETERSBURG, VA",18
51590,19.7,3.9,54.4,3.2,1.7,48,19.7,54.3,22,"DANVILLE, VA",20
51600,6.8,16.9,50.7,28.6,14.8,17.1,14.3,31.7,21.8,"WASHINGTON, DC-MD-VA-WV",17
51610,5.4,10.6,50.9,18.1,5.6,8.7,12.5,21,24.9,"WASHINGTON, DC-MD-VA-WV",15
51630,10.2,10.7,54.2,9,4.4,29.8,10.5,35.6,20.8,"WASHINGTON, DC-MD-VA-WV",16
51650,14.3,5.4,51.7,4.7,2,33.7,14.1,58.2,21.5,"NORFOLK-VIRGINIA BEACH-NEWPORT NEWS, VA-NC",17
51670,19.4,7.3,53.7,5.1,4.2,44.4,15.5,48.5,25.6,"RICHMOND-PETERSBURG, VA",20
51680,12.3,3.7,53.1,5.8,2.5,45,13.9,34.9,19.3,"LYNCHBURG, VA",16
51683,7.4,35,50,26.2,17.2,26.7,8.8,32.1,26.8,"WASHINGTON, DC-MD-VA-WV",18
51685,8.2,37.8,47.4,35.6,22.2,27.2,7.4,35.4,26.5,"WASHINGTON, DC-MD-VA-WV",18
51700,14.8,8.6,51.5,7.3,4.2,36.1,12.1,51,23.3,"NORFOLK-VIRGINIA BEACH-NEWPORT NEWS, VA-NC",18
51710,12.6,7.6,47.8,7.2,3.4,40.8,10.3,52.6,20,"NORFOLK-VIRGINIA BEACH-NEWPORT NEWS, VA-NC",16
51730,20.6,4.7,54.1,3.6,2.6,52.1,16.3,82.8,20.7,"RICHMOND-PETERSBURG, VA",20
51735,10.8,2.4,51.2,2.6,0.7,14.2,18.5,5.5,22.4,"NORFOLK-VIRGINIA BEACH-NEWPORT NEWS, VA-NC",13
51740,14.5,4.1,51.8,3,1.6,38.3,14,59.6,23.5,"NORFOLK-VIRGINIA BEACH-NEWPORT NEWS, VA-NC",17
51760,15.5,6.5,52.5,6.4,4.3,45.7,12.1,55.3,18,"RICHMOND-PETERSBURG, VA",17
51770,16.3,6,52.1,7.6,4.1,44.4,15.4,37,22.2,"ROANOKE, VA",17
51775,13.3,3.2,53.2,2.2,1.4,26.4,18.5,11.7,19.5,"ROANOKE, VA",15
51800,12.1,4,51.6,3.6,1.2,25.3,13.4,47.9,24.9,"NORFOLK-VIRGINIA BEACH-NEWPORT NEWS, VA-NC",15
51810,10.7,7.8,50.8,9.1,3.9,22.5,12.7,32.8,22.6,"NORFOLK-VIRGINIA BEACH-NEWPORT NEWS, VA-NC",15
51830,9.9,7.7,53.9,8.8,2.6,38.1,14.6,26.1,11,"NORFOLK-VIRGINIA BEACH-NEWPORT NEWS, VA-NC",16
53005,13.9,20.8,49.9,10.3,8.2,31.1,13.7,19.6,26.8,"RICHLAND-KENNEWICK-PASCO, WA",17
53011,12.4,9,50.6,10.4,5.8,26.4,14.1,15.5,24.9,"PORTLAND-VANCOUVER,OR-WA",16
53021,10.1,52.5,48,23,23.6,39.4,8.4,28.4,33.2,"RICHLAND-KENNEWICK-PASCO, WA",20
53029,15.6,7.1,50.2,7.1,2.5,24.9,22.7,15.1,18.7,"SEATTLE-BELLEVUE-EVERETT, WA",16
53033,9.6,9.5,50,22.1,10.6,22,12.5,33.8,20.7,"SEATTLE-BELLEVUE-EVERETT, WA",16
53035,15.5,7.3,49,6.5,2,23.7,16.4,18.3,20.9,"BREMERTON, WA",15
53053,13.7,10.4,50.3,9.4,5.5,28.3,12.9,26.2,23.8,"TACOMA, WA",16
53061,12,9.8,49.9,15.3,7.6,21.3,12.3,22.8,23,"SEATTLE-BELLEVUE-EVERETT, WA",16
53063,14.8,5.4,50.4,5.4,2.8,34.5,15,11.4,22.4,"SPOKANE, WA",15
53067,13,8.5,51.1,7.7,4.2,26.8,15.7,17.9,21.9,"OLYMPIA, WA",16
53073,13.3,9,50.5,10.6,4.3,33.8,15.9,15.8,19.9,"BELLINGHAM, WA",16
53077,13,48.4,49.9,18.2,16,48.2,12.9,22,29.9,"YAKIMA, WA",21
54003,14.9,4,50.8,3.4,1.3,30.7,13.7,12.7,24,"WASHINGTON, DC-MD-VA-WV",15
54009,16.5,0.9,51.1,1.4,0.2,31,21.8,3.5,18.1,"STEUBENVILLE-WEIRTON, OH-WV",14
54011,19.7,1.4,51,1.6,0.9,41.9,17.4,9,19.9,"HUNTINGTON-ASHLAND, WV-KY-OH",16
54029,18.7,1.4,51.6,1.7,0.7,36.3,21.2,4.6,19.6,"STEUBENVILLE-WEIRTON, OH-WV",15
54037,13.3,5.3,50.6,5,1.8,24.5,14.6,12.5,22.8,"WASHINGTON, DC-MD-VA-WV",15
54039,18.9,1.1,51.9,1.8,0.6,36.3,18.8,11.5,20.4,"CHARLESTON, WV",15
54051,15.4,1,50.7,0.7,0.2,37.1,20.1,2.5,20.4,"WHEELING, WV-OH",14
54057,21.9,0.9,50.1,0.6,1.1,39.9,20,5.1,20.5,"CUMBERLAND, MD-WV",15
54069,15.3,1,51.8,1.7,0.5,34.6,20.2,6.8,19.1,"WHEELING, WV-OH",15
54079,12.3,1.1,50.7,0.9,0.3,24.9,16.7,3.6,22.8,"CHARLESTON, WV",13
54099,25.9,0.6,51.4,0.5,0.3,43.6,19.2,2.1,21.3,"HUNTINGTON-ASHLAND, WV-KY-OH",15
54107,18.2,1.1,51.8,1,0.3,38.6,19.1,3.8,21.1,"PARKERSBURG-MARIETTA, WV-OH",16
55009,11.3,8.3,50.4,5.8,4.4,29.2,13.4,14.8,24.2,"GREEN BAY, WI",15
55015,8.7,4.1,50.1,2.8,2.3,18.7,13.6,5.2,25,"APPLETON-OSHKOSH-NEENAH, WI",13
55017,13.2,1.7,48,1.1,0.9,29,16.4,5.1,22.6,"EAU CLAIRE, WI",14
55025,8.7,6.3,50.3,8.6,4.5,24.4,12.3,16,21,"MADISON, WI",14
55031,14.9,1.5,50,1.8,0.6,31.7,16.9,7,20.3,"DULUTH-SUPERIOR, MN-WI",13
55035,12.6,2.3,50.8,3.6,2.8,32,14.4,7.5,20.5,"EAU CLAIRE, WI",14
55059,12.5,12.7,50.5,6.2,3.8,31,12.8,14.2,23.9,"KENOSHA, WI",16
55063,11.4,1.8,51.2,2.9,3.2,31.3,14.9,8.8,20.2,"LA CROSSE, WI-MN",13
55073,11.4,2.7,49.7,4.2,3.1,28.3,16.2,8.8,23.3,"WAUSAU, WI",14
55079,13,14.6,51.6,8.8,6.6,40.8,12.6,39.4,24.3,"MILWAUKEE-WAUKESHA, WI",18
55087,10,4.2,50.1,4,2.4,23.2,13.5,10.1,24,"APPLETON-OSHKOSH-NEENAH, WI",14
55089,8.4,2.8,50.9,4.5,1.7,15.2,18.1,5.8,21.8,"MILWAUKEE-WAUKESHA, WI",13
55093,9.9,1.9,50.3,1.8,1.7,23.5,13.2,3.8,21.1,"MINNEAPOLIS-ST. PAUL, MN-WI",12
55101,12.9,12.7,50.5,4.7,2.8,28.7,15.2,19.8,23.7,"RACINE, WI",16
55105,14.4,8.4,50.8,4.6,2.7,33.6,15.3,11.1,23.7,"JANESVILLE-BELOIT, WI",16
55109,8.8,2.3,50.1,2.4,1,16.4,12.5,3.8,25.8,"MINNEAPOLIS-ST. PAUL, MN-WI",12
55117,10.5,6.2,49.7,5.7,3.5,26.1,16.5,10.6,22.7,"SHEBOYGAN, WI",15
55131,10.5,3.1,50.3,2.7,1.3,15.9,16.3,4.5,22.8,"MILWAUKEE-WAUKESHA, WI",13
55133,9.8,4.6,50.9,5.1,2,14.1,17,7.4,22.2,"MILWAUKEE-WAUKESHA, WI",13
55139,11.8,3.9,49.6,3.5,2.1,27.9,15,7.6,20.8,"APPLETON-OSHKOSH-NEENAH, WI",14
56021,13.4,14.3,49.3,3.3,2.1,25.4,14.6,11.3,23.3,"CHEYENNE, WY",14
56025,14.6,8.2,49.3,3,2,27.9,13.3,6.7,24.1,"CASPER, WY",14
